CREATE DATABASE  IF NOT EXISTS `tqteamne_iTools` /*!40100 DEFAULT CHARACTER SET utf8 */;
USE `tqteamne_iTools`;
-- MySQL dump 10.13  Distrib 8.0.13, for Win64 (x86_64)
--
-- Host: 112.213.89.47    Database: tqteamne_iTools
-- ------------------------------------------------------
-- Server version	5.5.31

/*!40101 SET @OLD_CHARACTER_SET_CLIENT=@@CHARACTER_SET_CLIENT */;
/*!40101 SET @OLD_CHARACTER_SET_RESULTS=@@CHARACTER_SET_RESULTS */;
/*!40101 SET @OLD_COLLATION_CONNECTION=@@COLLATION_CONNECTION */;
 SET NAMES utf8 ;
/*!40103 SET @OLD_TIME_ZONE=@@TIME_ZONE */;
/*!40103 SET TIME_ZONE='+00:00' */;
/*!40014 SET @OLD_UNIQUE_CHECKS=@@UNIQUE_CHECKS, UNIQUE_CHECKS=0 */;
/*!40014 SET @OLD_FOREIGN_KEY_CHECKS=@@FOREIGN_KEY_CHECKS, FOREIGN_KEY_CHECKS=0 */;
/*!40101 SET @OLD_SQL_MODE=@@SQL_MODE, SQL_MODE='NO_AUTO_VALUE_ON_ZERO' */;
/*!40111 SET @OLD_SQL_NOTES=@@SQL_NOTES, SQL_NOTES=0 */;

--
-- Table structure for table `Assessor`
--

DROP TABLE IF EXISTS `Assessor`;
/*!40101 SET @saved_cs_client     = @@character_set_client */;
 SET character_set_client = utf8mb4 ;
CREATE TABLE `Assessor` (
  `AssessorID` int(10) NOT NULL AUTO_INCREMENT,
  `UserName` varchar(100) DEFAULT NULL,
  `FingerID` varchar(100) DEFAULT NULL,
  `Password` varchar(255) DEFAULT NULL,
  `FirstName` varchar(255) DEFAULT NULL,
  `LastName` varchar(255) DEFAULT NULL,
  `EmailAddress` varchar(255) NOT NULL,
  `Address` varchar(255) DEFAULT NULL,
  `Phone` varchar(255) DEFAULT NULL,
  `CompanyCode` varchar(100) DEFAULT NULL,
  `IsLocked` int(10) NOT NULL DEFAULT '0',
  `IsActive` int(10) NOT NULL DEFAULT '1',
  `LastPassword` varchar(255) DEFAULT NULL,
  `IsFirstTimeLogin` tinyint(1) DEFAULT '0',
  `FailTimes` int(10) NOT NULL DEFAULT '0',
  `UpdatedDate` timestamp NOT NULL DEFAULT CURRENT_TIMESTAMP ON UPDATE CURRENT_TIMESTAMP,
  PRIMARY KEY (`AssessorID`),
  KEY `UserName` (`UserName`)
) ENGINE=InnoDB AUTO_INCREMENT=34 DEFAULT CHARSET=utf8;
/*!40101 SET character_set_client = @saved_cs_client */;

--
-- Dumping data for table `Assessor`
--

LOCK TABLES `Assessor` WRITE;
/*!40000 ALTER TABLE `Assessor` DISABLE KEYS */;
INSERT INTO `Assessor` VALUES (1,'admin',NULL,'e10adc3949ba59abbe56e057f20f883e','Trinh','Nguyen Duy','trinh.wft@gmail.com',NULL,'','Master Company',0,1,NULL,0,0,'2018-10-04 22:13:21'),(2,'acct',NULL,'e10adc3949ba59abbe56e057f20f883e','Trinh','Nguyen Duy','production@optiwell.vn',NULL,'','Master Company',0,1,NULL,0,0,'2019-01-10 06:30:08'),(3,'subadmin',NULL,'e10adc3949ba59abbe56e057f20f883e','Duoc','Nguyen Thanh','duoc.nguyenthanh@vinamoiltools.com.vn',NULL,'','VINAMOILTOOLS',0,1,NULL,0,0,'2018-11-30 08:43:45'),(4,'181102',NULL,'e10adc3949ba59abbe56e057f20f883e','Châu','Nguyễn Minh','chau.nguyenminh@vinamoiltools.com.vn',NULL,'0973 771 219','VINAMOILTOOLS',0,1,NULL,0,0,'2018-12-24 07:30:05'),(5,'181104',NULL,'202cb962ac59075b964b07152d234b70','Danh','Nguyễn Bá','danh.nguyenba@vinamoiltool.com.vn',NULL,'0986 992 783','VINAMOILTOOLS',0,1,NULL,0,0,'2018-12-24 07:30:51'),(6,'181108',NULL,'d5e682d1edd7aa6a89ec9a524c437873','Nguyen','Duoc','duoc.nguyenthanh@vinamoiltools.com.vn',NULL,'','VINAMOILTOOLS',0,1,NULL,0,0,'2019-01-10 08:44:08'),(7,'181105',NULL,'e10adc3949ba59abbe56e057f20f883e','Đạt','Nguyễn Đình','dat.Nguyendinh@vinamoiltools.com',NULL,'0973 799 516','VINAMOILTOOLS',0,1,NULL,0,0,'2018-12-01 01:22:39'),(8,'181107',NULL,'e10adc3949ba59abbe56e057f20f883e','Dũng','Phan Văn','dung.phanvan@vinamoiltools.com.vn',NULL,'0975 263 003','VINAMOILTOOLS',0,1,NULL,0,0,'2018-12-24 07:31:39'),(9,'181109',NULL,'e10adc3949ba59abbe56e057f20f883e','Hậu','Nguyễn Công','hau.Nguyencong@vinamoiltools.com',NULL,'0936 570 555','VINAMOILTOOLS',0,1,NULL,0,0,'2018-12-01 01:24:48'),(10,'181110',NULL,'e10adc3949ba59abbe56e057f20f883e','Hây','Nguyễn Văn','hay.nguyenvan@vinamoiltools.com.vn',NULL,'0909 668 362','VINAMOILTOOLS',0,1,NULL,0,0,'2018-12-24 07:32:18'),(11,'181111',NULL,'e10adc3949ba59abbe56e057f20f883e','Hòa','Nguyễn Ngọc','Hoa.Nguyenngoc@vinamoiltools.com',NULL,'0908 528 011','VINAMOILTOOLS',0,1,NULL,0,0,'2018-12-01 01:26:52'),(12,'181112',NULL,'e10adc3949ba59abbe56e057f20f883e','Lưu','Nguyễn Thanh','Luu.Nguyenthanh@vinamoiltools.com',NULL,'0902 976 420','VINAMOILTOOLS',0,1,NULL,0,0,'2018-12-01 01:27:55'),(13,'181113',NULL,'e10adc3949ba59abbe56e057f20f883e','Nhân','Nguyễn Trọng','Nhan.Nguyentrong@vinamoiltools.com',NULL,'0908 085 413','VINAMOILTOOLS',0,1,NULL,0,0,'2018-12-01 01:28:46'),(14,'181114',NULL,'e10adc3949ba59abbe56e057f20f883e','Nhựt','Lê Hồng','nhut.lehong@vinamoiltools.com.vn',NULL,'0974 665 447','VINAMOILTOOLS',0,1,NULL,0,0,'2018-12-26 01:38:09'),(15,'181115',NULL,'e10adc3949ba59abbe56e057f20f883e','Quan','Võ Duy','quan.voduy@vinamoiltools.com.vn',NULL,'0973 747 776','VINAMOILTOOLS',0,1,NULL,0,0,'2018-12-24 07:33:12'),(16,'181116',NULL,'e10adc3949ba59abbe56e057f20f883e','Tâm','Nguyễn Trần Quang','tam.nguyentranquang@vinamoiltools.com.vn',NULL,'0346 592 270','VINAMOILTOOLS',0,1,NULL,0,0,'2018-12-24 07:37:04'),(17,'181117',NULL,'e10adc3949ba59abbe56e057f20f883e','Thanh','Lê Tất','thanh.letat@vinamoiltools.com.vn',NULL,'0982 770 409','VINAMOILTOOLS',0,1,NULL,0,0,'2018-12-24 07:37:57'),(18,'181118',NULL,'e10adc3949ba59abbe56e057f20f883e','Thiện','Hồ Hữu','Thien.Hohuu@vinamoiltools.com',NULL,'0388 933 386','VINAMOILTOOLS',0,1,NULL,0,0,'2018-12-01 01:35:38'),(19,'181120',NULL,'e10adc3949ba59abbe56e057f20f883e','Trung','Đỗ Minh','Trung.Dominh@vinamoiltools.com',NULL,'0937 431 661','VINAMOILTOOLS',0,1,NULL,0,0,'2018-12-01 01:36:39'),(20,'181121',NULL,'e10adc3949ba59abbe56e057f20f883e','Tuấn','Bùi Văn','tuan.buivan@vinamoiltools.com.vn',NULL,'0934 757 456','VINAMOILTOOLS',0,1,NULL,0,0,'2018-12-24 07:38:58'),(21,'181122',NULL,'e10adc3949ba59abbe56e057f20f883e','Tuấn','Trần Quang','tuan.tranquang@vinamoiltools.com.vn',NULL,'0937 933 588','VINAMOILTOOLS',0,1,NULL,0,0,'2018-12-24 07:39:40'),(22,'181125',NULL,'e10adc3949ba59abbe56e057f20f883e','Tuấn','Hoàng Thanh','test@yahoo.com',NULL,'0937 552 859','VINAMOILTOOLS',0,1,NULL,0,0,'2018-12-01 01:39:36'),(23,'181126',NULL,'e10adc3949ba59abbe56e057f20f883e','Chân','Lê Hoàng','Chan.lehoang@vinamoiltools.com',NULL,'0908 085 770','VINAMOILTOOLS',0,1,NULL,0,0,'2019-01-05 23:52:38'),(24,'180102',NULL,'e10adc3949ba59abbe56e057f20f883e','Duoc','Nguyen Thanh','duoc.nguyenthanh@vinamoiltools.com.vn',NULL,'0908085041','VINAMOILTOOLS',0,1,NULL,0,0,'2019-01-10 02:17:46'),(27,'mfcsubadmin',NULL,'5dc95177d8f49b8aa72feacbcf4cdab0','Huong','Nguyen Thi','dangnguyen.20112016@gmail.com',NULL,NULL,'MFC',0,1,NULL,0,0,'2019-03-13 08:09:19'),(28,'mfcsubacc',NULL,'b729c51ae9b6f9e5dbac1d5259cbacb5','Huong','Nguyen Thi','dangnguyen.20112016@gmail.com',NULL,'','MFC',0,1,NULL,0,0,'2019-03-16 05:47:19'),(29,'111111',NULL,'e10adc3949ba59abbe56e057f20f883e','Triều','Phan Minh','trieu.phanminh@vinamoiltools.com.vn',NULL,'','MFC',1,0,NULL,0,0,'2019-03-12 03:13:22'),(30,'140401001',NULL,'9afdb78e76ccdb9f2e226128590455a7','THANH','ĐỖ HOÀI','dangnguyen.20112016@gmail.com','XUONG 1','','MFC',0,1,NULL,0,0,'2019-03-16 05:47:19'),(31,'thuongsubadmin',NULL,'202cb962ac59075b964b07152d234b70','1','2','ngngoctanthuong@gmail.com',NULL,'','VINAMOILTOOLS',0,1,NULL,0,0,'2019-03-16 05:50:10'),(32,'130102001',NULL,'860c6d6d6c82a25147a6bb7312fbd3a7','NGUYEN','HUY THONG','dangnguyen.20112016@gmail.com',NULL,'0974628748','MFC',0,1,NULL,0,0,'2019-03-16 05:47:19'),(33,'120301001',NULL,'935ece0247070642fd57b4aef22b2980','HUYNH','SON','dangnguyen.20112016@gmail.com',NULL,'0974628748','MFC',0,1,NULL,0,0,'2019-03-13 11:05:30');
/*!40000 ALTER TABLE `Assessor` ENABLE KEYS */;
UNLOCK TABLES;

--
-- Table structure for table `Company`
--

DROP TABLE IF EXISTS `Company`;
/*!40101 SET @saved_cs_client     = @@character_set_client */;
 SET character_set_client = utf8mb4 ;
CREATE TABLE `Company` (
  `CompanyID` int(10) NOT NULL AUTO_INCREMENT,
  `CompanyCode` varchar(100) NOT NULL,
  `CompanyName` varchar(100) DEFAULT NULL,
  `CompanyType` varchar(100) DEFAULT NULL,
  `Address` varchar(100) DEFAULT NULL,
  `Location` varchar(100) DEFAULT NULL,
  `UpdatedDate` timestamp NOT NULL DEFAULT CURRENT_TIMESTAMP ON UPDATE CURRENT_TIMESTAMP,
  PRIMARY KEY (`CompanyID`),
  UNIQUE KEY `CompanyCode` (`CompanyCode`),
  KEY `Company_CompanyCode` (`CompanyCode`)
) ENGINE=InnoDB AUTO_INCREMENT=5 DEFAULT CHARSET=utf8;
/*!40101 SET character_set_client = @saved_cs_client */;

--
-- Dumping data for table `Company`
--

LOCK TABLES `Company` WRITE;
/*!40000 ALTER TABLE `Company` DISABLE KEYS */;
INSERT INTO `Company` VALUES (1,'Optiwell','Optiwell',NULL,'Optiwell Addr','Optiwell Location','2018-10-04 05:59:54'),(2,'Master Company','Master Company',NULL,NULL,NULL,'2018-10-04 22:13:01'),(3,'VINAMOILTOOLS','Công ty cổ phần thiết bị dầu khí Việt Mỹ',NULL,'29 Dân Chủ, KCN VISIP 2, Bình Dương','VSIP2','2018-11-06 04:22:00'),(4,'MFC','MFC',NULL,'c.	Lô E, đường số 2, KCN Đồng An 1, phường Bình Hòa, huyện Thuận An, tỉnh Bình Dương','KCN DA1','2019-02-12 01:41:41');
/*!40000 ALTER TABLE `Company` ENABLE KEYS */;
UNLOCK TABLES;

--
-- Table structure for table `CompanyMachine`
--

DROP TABLE IF EXISTS `CompanyMachine`;
/*!40101 SET @saved_cs_client     = @@character_set_client */;
 SET character_set_client = utf8mb4 ;
CREATE TABLE `CompanyMachine` (
  `CompanyMachineID` int(10) NOT NULL AUTO_INCREMENT,
  `MachineCode` varchar(100) DEFAULT NULL,
  `CompanyCode` varchar(100) DEFAULT NULL,
  `CreatedDate` timestamp NULL DEFAULT NULL,
  `IsActive` tinyint(1) NOT NULL,
  `UpdatedDate` timestamp NOT NULL DEFAULT CURRENT_TIMESTAMP ON UPDATE CURRENT_TIMESTAMP,
  PRIMARY KEY (`CompanyMachineID`),
  KEY `MachineCode` (`MachineCode`),
  KEY `CompanyCode` (`CompanyCode`)
) ENGINE=InnoDB AUTO_INCREMENT=6 DEFAULT CHARSET=utf8;
/*!40101 SET character_set_client = @saved_cs_client */;

--
-- Dumping data for table `CompanyMachine`
--

LOCK TABLES `CompanyMachine` WRITE;
/*!40000 ALTER TABLE `CompanyMachine` DISABLE KEYS */;
INSERT INTO `CompanyMachine` VALUES (1,'MAC1','Optiwell','2018-10-04 09:55:52',0,'2019-01-07 18:38:31'),(2,'VM-1','VINAMOILTOOLS','2019-02-22 02:14:49',0,'2019-02-22 02:14:49'),(3,'VM-2','MFC','2018-11-06 04:24:37',0,'2019-03-02 04:23:19'),(4,'VM-3','MFC','2019-02-22 02:14:49',0,'2019-02-22 02:14:49'),(5,'VM-4','VINAMOILTOOLS','2019-02-22 02:14:49',0,'2019-02-22 02:14:49');
/*!40000 ALTER TABLE `CompanyMachine` ENABLE KEYS */;
UNLOCK TABLES;

--
-- Table structure for table `DatabaseVersion`
--

DROP TABLE IF EXISTS `DatabaseVersion`;
/*!40101 SET @saved_cs_client     = @@character_set_client */;
 SET character_set_client = utf8mb4 ;
CREATE TABLE `DatabaseVersion` (
  `iToolAppDatabase` varchar(255) DEFAULT NULL,
  `UpdatedDate` timestamp NOT NULL DEFAULT CURRENT_TIMESTAMP
) ENGINE=InnoDB DEFAULT CHARSET=utf8;
/*!40101 SET character_set_client = @saved_cs_client */;

--
-- Dumping data for table `DatabaseVersion`
--

LOCK TABLES `DatabaseVersion` WRITE;
/*!40000 ALTER TABLE `DatabaseVersion` DISABLE KEYS */;
INSERT INTO `DatabaseVersion` VALUES ('v1p0','2018-08-08 16:25:21');
/*!40000 ALTER TABLE `DatabaseVersion` ENABLE KEYS */;
UNLOCK TABLES;

--
-- Table structure for table `Machine`
--

DROP TABLE IF EXISTS `Machine`;
/*!40101 SET @saved_cs_client     = @@character_set_client */;
 SET character_set_client = utf8mb4 ;
CREATE TABLE `Machine` (
  `MachineID` int(10) NOT NULL AUTO_INCREMENT,
  `MachineName` varchar(100) DEFAULT NULL,
  `MachineCode` varchar(100) NOT NULL,
  `Model` varchar(100) DEFAULT NULL,
  `Location` varchar(100) DEFAULT NULL,
  `Description` varchar(100) DEFAULT NULL,
  `CreatedDate` timestamp NULL DEFAULT NULL,
  `UpdatedDate` timestamp NOT NULL DEFAULT CURRENT_TIMESTAMP ON UPDATE CURRENT_TIMESTAMP,
  `IsActive` tinyint(1) NOT NULL,
  PRIMARY KEY (`MachineID`),
  UNIQUE KEY `MachineCode` (`MachineCode`),
  KEY `Machine_MachineCode` (`MachineCode`)
) ENGINE=InnoDB AUTO_INCREMENT=6 DEFAULT CHARSET=utf8;
/*!40101 SET character_set_client = @saved_cs_client */;

--
-- Dumping data for table `Machine`
--

LOCK TABLES `Machine` WRITE;
/*!40000 ALTER TABLE `Machine` DISABLE KEYS */;
INSERT INTO `Machine` VALUES (1,'MAC1','MAC1',NULL,'Location1',NULL,'2018-10-04 06:00:27','2019-01-07 18:38:31',1),(2,'MFC 2','VM-2','VM-R1','LÔ E, ĐƯỜNG SỐ 2, KCN ĐỒNG AN, PHƯỜNG BÌNH HOÀ, TX THUẬN AN, BÌNH DƯƠNG','Máy phát dao tự động. khách hàng MFC','2018-11-06 04:18:01','2019-03-02 04:23:19',1),(3,'MFC 3','VM-3','VM-R1','29 Dân Chủ, VSIP 2','Máy phát dao tự động. khách hàng MFC','2019-02-22 04:18:01','2019-02-22 04:18:01',1),(4,'Việt Mỹ 1','VM-1','VM-R1','29 Dân Chủ, VSIP 2','Máy phát dao tự động. khách hàng công ty cổ phần thiết bị dầu khí Việt Mỹ','2019-02-22 04:18:01','2019-02-22 04:18:01',1),(5,'Việt Mỹ 4','VM-4','VM-R1','29 Dân Chủ, VSIP 2','Máy phát dao tự động. khách hàng công ty cổ phần thiết bị dầu khí Việt Mỹ','2019-02-22 04:18:01','2019-02-22 04:18:01',1);
/*!40000 ALTER TABLE `Machine` ENABLE KEYS */;
UNLOCK TABLES;

--
-- Table structure for table `MasterLog`
--

DROP TABLE IF EXISTS `MasterLog`;
/*!40101 SET @saved_cs_client     = @@character_set_client */;
 SET character_set_client = utf8mb4 ;
CREATE TABLE `MasterLog` (
  `LogID` int(20) NOT NULL AUTO_INCREMENT,
  `LogDate` timestamp NULL DEFAULT NULL,
  `AssessorName` varchar(255) DEFAULT NULL,
  `TblName` varchar(100) DEFAULT NULL,
  `RecordID` int(10) DEFAULT NULL,
  `ColumnName` varchar(100) DEFAULT NULL,
  `Action` varchar(100) DEFAULT NULL,
  `OldValue` text,
  `NewValue` text,
  `CompanyCode` varchar(100) DEFAULT NULL,
  `MachineCode` varchar(100) DEFAULT NULL,
  `Notes` text,
  `UpdatedDate` timestamp NOT NULL DEFAULT CURRENT_TIMESTAMP ON UPDATE CURRENT_TIMESTAMP,
  PRIMARY KEY (`LogID`),
  KEY `RecordID` (`RecordID`),
  KEY `AssessorName` (`AssessorName`),
  KEY `LogDate` (`LogDate`)
) ENGINE=InnoDB AUTO_INCREMENT=222 DEFAULT CHARSET=utf8;
/*!40101 SET character_set_client = @saved_cs_client */;

--
-- Dumping data for table `MasterLog`
--

LOCK TABLES `MasterLog` WRITE;
/*!40000 ALTER TABLE `MasterLog` DISABLE KEYS */;
/*!40000 ALTER TABLE `MasterLog` ENABLE KEYS */;
UNLOCK TABLES;

--
-- Table structure for table `PendingAction`
--

DROP TABLE IF EXISTS `PendingAction`;
/*!40101 SET @saved_cs_client     = @@character_set_client */;
 SET character_set_client = utf8mb4 ;
CREATE TABLE `PendingAction` (
  `PendingActionID` int(20) NOT NULL AUTO_INCREMENT,
  `PendingActionDate` timestamp NULL DEFAULT NULL,
  `PendingActionName` varchar(255) DEFAULT NULL,
  `ActionContent` text,
  `Status` varchar(100) DEFAULT NULL,
  `UpdatedDate` timestamp NOT NULL DEFAULT CURRENT_TIMESTAMP ON UPDATE CURRENT_TIMESTAMP,
  PRIMARY KEY (`PendingActionID`)
) ENGINE=InnoDB DEFAULT CHARSET=utf8;
/*!40101 SET character_set_client = @saved_cs_client */;

--
-- Dumping data for table `PendingAction`
--

LOCK TABLES `PendingAction` WRITE;
/*!40000 ALTER TABLE `PendingAction` DISABLE KEYS */;
/*!40000 ALTER TABLE `PendingAction` ENABLE KEYS */;
UNLOCK TABLES;

--
-- Table structure for table `RoleAssessor`
--

DROP TABLE IF EXISTS `RoleAssessor`;
/*!40101 SET @saved_cs_client     = @@character_set_client */;
 SET character_set_client = utf8mb4 ;
CREATE TABLE `RoleAssessor` (
  `RoleAssessorID` int(10) NOT NULL AUTO_INCREMENT,
  `RoleID` int(10) DEFAULT NULL,
  `AssessorID` int(10) DEFAULT NULL,
  `CreatedDate` timestamp NULL DEFAULT NULL,
  `IsActive` tinyint(1) NOT NULL,
  `UpdatedDate` timestamp NOT NULL DEFAULT CURRENT_TIMESTAMP ON UPDATE CURRENT_TIMESTAMP,
  PRIMARY KEY (`RoleAssessorID`),
  KEY `CreatedDate` (`CreatedDate`),
  KEY `RoleID` (`RoleID`),
  KEY `AssessorID` (`AssessorID`)
) ENGINE=InnoDB AUTO_INCREMENT=48 DEFAULT CHARSET=utf8;
/*!40101 SET character_set_client = @saved_cs_client */;

--
-- Dumping data for table `RoleAssessor`
--

LOCK TABLES `RoleAssessor` WRITE;
/*!40000 ALTER TABLE `RoleAssessor` DISABLE KEYS */;
INSERT INTO `RoleAssessor` VALUES (1,1,1,'2018-10-04 05:29:57',1,'2018-10-04 05:29:57'),(6,3,2,'2018-11-27 02:42:41',1,'2018-11-27 02:42:41'),(8,4,4,'2018-12-04 06:02:48',1,'2018-12-04 06:02:48'),(9,4,5,'2018-12-04 06:03:18',1,'2018-12-04 06:03:18'),(10,4,7,'2018-12-04 06:03:56',1,'2018-12-04 06:03:56'),(11,4,8,'2018-12-04 06:04:39',1,'2018-12-04 06:04:39'),(12,4,9,'2018-12-04 06:05:00',1,'2018-12-04 06:05:00'),(13,4,10,'2018-12-04 06:05:35',1,'2018-12-04 06:05:35'),(14,4,11,'2018-12-04 06:10:22',1,'2018-12-04 06:10:22'),(15,4,12,'2018-12-04 06:10:44',1,'2018-12-04 06:10:44'),(16,4,13,'2018-12-04 06:11:24',1,'2018-12-04 06:11:24'),(17,4,14,'2018-12-04 06:11:54',1,'2018-12-04 06:11:54'),(18,4,15,'2018-12-04 06:12:58',1,'2018-12-04 06:12:58'),(19,4,16,'2018-12-04 06:14:07',1,'2018-12-04 06:14:07'),(20,4,17,'2018-12-04 06:15:29',1,'2018-12-04 06:15:29'),(21,4,18,'2018-12-04 06:17:07',1,'2018-12-04 06:17:07'),(22,4,19,'2018-12-04 06:18:04',1,'2018-12-04 06:18:04'),(23,4,20,'2018-12-04 06:18:43',1,'2018-12-04 06:18:43'),(24,4,21,'2018-12-04 06:54:14',1,'2018-12-04 06:54:14'),(26,4,23,'2018-12-04 06:59:09',1,'2018-12-04 06:59:09'),(29,3,4,'2019-01-10 01:51:59',1,'2019-01-10 01:51:59'),(30,3,13,'2019-01-10 02:13:47',1,'2019-01-10 02:13:47'),(32,4,22,'2019-01-10 04:10:37',1,'2019-01-10 04:10:37'),(33,3,24,'2019-01-10 04:19:00',1,'2019-01-10 04:19:00'),(34,2,6,'2019-01-10 08:50:25',1,'2019-01-10 08:50:25'),(37,2,27,'2019-02-12 01:47:53',1,'2019-02-12 03:31:06'),(39,4,29,'2019-02-21 01:26:34',1,'2019-02-21 01:26:34'),(41,4,30,'2019-03-02 03:23:53',1,'2019-03-02 03:23:53'),(42,2,3,'2019-03-10 05:28:02',1,'2019-03-10 05:28:02'),(44,3,28,'2019-03-11 08:47:36',1,'2019-03-11 08:47:36'),(45,2,31,'2019-03-11 22:22:51',1,'2019-03-11 22:22:51'),(46,4,32,'2019-03-13 08:10:44',1,'2019-03-13 08:10:44'),(47,4,33,'2019-03-13 08:12:25',1,'2019-03-13 08:12:25');
/*!40000 ALTER TABLE `RoleAssessor` ENABLE KEYS */;
UNLOCK TABLES;

--
-- Table structure for table `Roles`
--

DROP TABLE IF EXISTS `Roles`;
/*!40101 SET @saved_cs_client     = @@character_set_client */;
 SET character_set_client = utf8mb4 ;
CREATE TABLE `Roles` (
  `RoleID` int(10) NOT NULL AUTO_INCREMENT,
  `RoleName` varchar(100) DEFAULT NULL,
  `RoleType` int(10) DEFAULT NULL,
  `IsRole` int(10) DEFAULT NULL,
  `UpdatedDate` timestamp NOT NULL DEFAULT CURRENT_TIMESTAMP ON UPDATE CURRENT_TIMESTAMP,
  PRIMARY KEY (`RoleID`)
) ENGINE=InnoDB AUTO_INCREMENT=9 DEFAULT CHARSET=utf8;
/*!40101 SET character_set_client = @saved_cs_client */;

--
-- Dumping data for table `Roles`
--

LOCK TABLES `Roles` WRITE;
/*!40000 ALTER TABLE `Roles` DISABLE KEYS */;
INSERT INTO `Roles` VALUES (1,'Admin',NULL,1,'2018-10-04 05:29:30'),(2,'SubAdmin',NULL,1,'2018-10-04 05:29:30'),(3,'Accounting',NULL,1,'2018-10-04 05:29:30'),(4,'Emp',NULL,1,'2018-10-04 05:29:30'),(5,'Other',NULL,1,'2018-10-04 05:29:30'),(6,'PutIns',NULL,0,'2018-10-04 05:29:30'),(7,'TakeOver',NULL,0,'2018-10-04 05:29:30'),(8,'EditTransaction',NULL,0,'2018-10-04 05:29:30');
/*!40000 ALTER TABLE `Roles` ENABLE KEYS */;
UNLOCK TABLES;

--
-- Table structure for table `SPRING_SESSION`
--

DROP TABLE IF EXISTS `SPRING_SESSION`;
/*!40101 SET @saved_cs_client     = @@character_set_client */;
 SET character_set_client = utf8mb4 ;
CREATE TABLE `SPRING_SESSION` (
  `PRIMARY_ID` char(36) NOT NULL,
  `SESSION_ID` char(36) NOT NULL,
  `CREATION_TIME` bigint(20) NOT NULL,
  `LAST_ACCESS_TIME` bigint(20) NOT NULL,
  `MAX_INACTIVE_INTERVAL` int(11) NOT NULL,
  `EXPIRY_TIME` bigint(20) NOT NULL,
  `PRINCIPAL_NAME` varchar(100) DEFAULT NULL,
  PRIMARY KEY (`PRIMARY_ID`),
  UNIQUE KEY `SPRING_SESSION_IX1` (`SESSION_ID`),
  KEY `SPRING_SESSION_IX2` (`EXPIRY_TIME`),
  KEY `SPRING_SESSION_IX3` (`PRINCIPAL_NAME`)
) ENGINE=InnoDB DEFAULT CHARSET=utf8;
/*!40101 SET character_set_client = @saved_cs_client */;

--
-- Dumping data for table `SPRING_SESSION`
--

LOCK TABLES `SPRING_SESSION` WRITE;
/*!40000 ALTER TABLE `SPRING_SESSION` DISABLE KEYS */;
/*!40000 ALTER TABLE `SPRING_SESSION` ENABLE KEYS */;
UNLOCK TABLES;

--
-- Table structure for table `SPRING_SESSION_ATTRIBUTES`
--

DROP TABLE IF EXISTS `SPRING_SESSION_ATTRIBUTES`;
/*!40101 SET @saved_cs_client     = @@character_set_client */;
 SET character_set_client = utf8mb4 ;
CREATE TABLE `SPRING_SESSION_ATTRIBUTES` (
  `SESSION_PRIMARY_ID` char(36) NOT NULL,
  `ATTRIBUTE_NAME` varchar(200) NOT NULL,
  `ATTRIBUTE_BYTES` mediumblob NOT NULL,
  PRIMARY KEY (`SESSION_PRIMARY_ID`,`ATTRIBUTE_NAME`),
  KEY `SPRING_SESSION_ATTRIBUTES_IX1` (`SESSION_PRIMARY_ID`),
  CONSTRAINT `SPRING_SESSION_ATTRIBUTES_FK` FOREIGN KEY (`SESSION_PRIMARY_ID`) REFERENCES `SPRING_SESSION` (`PRIMARY_ID`) ON DELETE CASCADE
) ENGINE=InnoDB DEFAULT CHARSET=utf8;
/*!40101 SET character_set_client = @saved_cs_client */;

--
-- Dumping data for table `SPRING_SESSION_ATTRIBUTES`
--

LOCK TABLES `SPRING_SESSION_ATTRIBUTES` WRITE;
/*!40000 ALTER TABLE `SPRING_SESSION_ATTRIBUTES` DISABLE KEYS */;
/*!40000 ALTER TABLE `SPRING_SESSION_ATTRIBUTES` ENABLE KEYS */;
UNLOCK TABLES;

--
-- Table structure for table `SyncHistory`
--

DROP TABLE IF EXISTS `SyncHistory`;
/*!40101 SET @saved_cs_client     = @@character_set_client */;
 SET character_set_client = utf8mb4 ;
CREATE TABLE `SyncHistory` (
  `SyncHistoryID` int(20) NOT NULL AUTO_INCREMENT,
  `SyncDate` timestamp NOT NULL DEFAULT CURRENT_TIMESTAMP,
  `Statistic` text,
  `Status` varchar(255) DEFAULT NULL,
  `SynType` varchar(255) DEFAULT NULL,
  PRIMARY KEY (`SyncHistoryID`)
) ENGINE=InnoDB AUTO_INCREMENT=168 DEFAULT CHARSET=utf8;
/*!40101 SET character_set_client = @saved_cs_client */;

--
-- Dumping data for table `SyncHistory`
--

LOCK TABLES `SyncHistory` WRITE;
/*!40000 ALTER TABLE `SyncHistory` DISABLE KEYS */;
INSERT INTO `SyncHistory` VALUES (1,'2018-08-08 16:25:21','first sync record','SUCCESS','HostToLocal'),(2,'2018-08-08 16:25:21','first sync record','SUCCESS','LocalToHost');
/*!40000 ALTER TABLE `SyncHistory` ENABLE KEYS */;
UNLOCK TABLES;

--
-- Table structure for table `Tools`
--

DROP TABLE IF EXISTS `Tools`;
/*!40101 SET @saved_cs_client     = @@character_set_client */;
 SET character_set_client = utf8mb4 ;
CREATE TABLE `Tools` (
  `ToolID` int(10) NOT NULL AUTO_INCREMENT,
  `ToolCode` varchar(100) DEFAULT NULL,
  `Model` varchar(100) DEFAULT NULL,
  `Barcode` varchar(100) DEFAULT NULL,
  `Description` varchar(100) DEFAULT NULL,
  `CreatedDate` timestamp NULL DEFAULT NULL,
  `UpdatedDate` timestamp NOT NULL DEFAULT CURRENT_TIMESTAMP ON UPDATE CURRENT_TIMESTAMP,
  `IsActive` tinyint(1) NOT NULL,
  PRIMARY KEY (`ToolID`),
  UNIQUE KEY `ToolCode` (`ToolCode`)
) ENGINE=InnoDB AUTO_INCREMENT=442 DEFAULT CHARSET=utf8;
/*!40101 SET character_set_client = @saved_cs_client */;

--
-- Dumping data for table `Tools`
--

LOCK TABLES `Tools` WRITE;
/*!40000 ALTER TABLE `Tools` DISABLE KEYS */;
INSERT INTO `Tools` VALUES (1,'52157','Mill',NULL,'Mill 52157','2018-10-04 06:01:10','2018-10-04 06:01:10',1),(2,'16EL-8STACME','Insert ren',NULL,'Insert ren 16EL-8STACME','2018-10-04 06:01:10','2018-10-04 06:01:10',1),(3,'16ER-8STACME','Insert ren',NULL,'Insert ren 16ER-8STACME','2018-10-04 06:01:10','2018-10-04 06:01:10',1),(4,'16IL-8STACME','Insert ren',NULL,'Insert ren 16IL-8STACME','2018-10-04 06:01:11','2018-10-04 06:01:11',1),(5,'16IR-8STACME','Insert ren',NULL,'Insert ren 16IR-8STACME','2018-10-04 06:01:11','2018-10-04 06:01:11',1),(6,'3300265WXMSGPS','Drill',NULL,'Drill 3300265WXMSGPS','2018-10-04 06:01:11','2018-10-04 06:01:11',1),(7,'5/16-18UNC','Taro',NULL,'Taro 5/16-18UNC','2018-10-04 06:01:11','2018-10-04 06:01:11',1),(8,'5/16-24UNF','Taro',NULL,'Taro 5/16-24UNF','2018-10-04 06:01:11','2018-10-04 06:01:11',1),(9,'880-070406H-C-GM1044','Insert Khoan',NULL,'Insert khoan 880-070406H-C-GM1044','2018-10-04 06:01:11','2018-10-04 06:01:11',1),(10,'880-090608H-C-LM1144','Insert Khoan',NULL,'Insert khoan 880-090608H-C-LM1144','2018-10-04 06:01:11','2018-10-04 06:01:11',1),(11,'880-0906W10H-P-LM4344','Insert Khoan',NULL,'Insert khoan 880-0906W10H-P-LM4344','2018-10-04 06:01:12','2018-10-04 06:01:12',1),(12,'9/16-18UNF','Taro',NULL,'Taro 9/16-18UNF','2018-10-04 06:01:12','2018-10-04 06:01:12',1),(13,'AF60135-065TIALN','Endmill',NULL,'Endmill AF60135-065TIALN','2018-10-04 06:01:12','2018-10-04 06:01:12',1),(14,'APMT1604PDER-M2TI960','Insert',NULL,'Insert APMT1604PDER-M2TI960','2018-10-04 06:01:12','2018-10-04 06:01:12',1),(15,'CCMT120408GKCA525','Insert',NULL,'Insert CCMT120408GKCA525','2018-10-04 06:01:12','2018-10-04 06:01:12',1),(16,'CDRA03016','Drill',NULL,'Drill CDRA03016','2018-10-04 06:01:12','2018-10-04 06:01:12',1),(17,'CDRA03038','Drill',NULL,'Drill CDRA03038','2018-10-04 06:01:12','2018-10-04 06:01:12',1),(18,'CDRA03042','Drill',NULL,'Drill CDRA03042','2018-10-04 06:01:12','2018-10-04 06:01:12',1),(19,'CDRA03051','Drill',NULL,'Drill CDRA03051','2018-10-04 06:01:12','2018-10-04 06:01:12',1),(20,'CPMH090308PR1425','Insert',NULL,'Insert CPMH090308PR1425','2018-10-04 06:01:13','2018-10-04 06:01:13',1),(21,'DCMT11T308PM4325','Insert',NULL,'Insert DCMT11T308PM4325','2018-10-04 06:01:13','2018-10-04 06:01:13',1),(22,'DNMG110408PM4325','Insert',NULL,'Insert DNMG110408PM4325','2018-10-04 06:01:13','2018-10-04 06:01:13',1),(23,'DNMG150408MSPR1310','Inser',NULL,'Inser DNMG150408MSPR1310','2018-10-04 06:01:13','2018-10-04 06:01:13',1),(24,'DTE4-040AH725','Insert',NULL,'Insert DTE4-040AH725','2018-10-04 06:01:13','2018-10-04 06:01:13',1),(25,'M5-0.8','Mill',NULL,'Mill M5-0.8','2018-10-04 06:01:13','2018-10-04 06:01:13',1),(26,'MPHCR080-0.5','Endmill',NULL,'Endmill MPHCR080-0.5','2018-10-04 06:01:13','2018-10-04 06:01:13',1),(27,'TOTIME55-060R-A','Endmill',NULL,'Endmill TOTIME55-060R-A','2018-10-04 06:01:13','2018-10-04 06:01:13',1),(28,'TOTIME55-060R-S','Endmill',NULL,'Endmill TOTIME55-060R-S','2018-10-04 06:01:13','2018-10-04 06:01:13',1),(29,'TOTIME55-060S-50','Endmill',NULL,'End mill TOTIME55-060S-50','2018-10-04 06:01:14','2018-10-04 06:01:14',1),(30,'TOTIME55-080R-S','Endmill',NULL,'Endmill TOTIME55-080R-S','2018-10-04 06:01:14','2018-10-04 06:01:14',1),(31,'TOTIME55-080S-60','Endmill',NULL,'Endmill TOTIME55-080S-60','2018-10-04 06:01:14','2018-10-04 06:01:14',1),(32,'TOTIME55-100R-S','Endmill',NULL,'Endmill TOTIME55-100R-S','2018-10-04 06:01:14','2018-10-04 06:01:14',1),(33,'TOTIME55-100S-75','Endmill',NULL,'Endmill TOTIME55-100S-75','2018-10-04 06:01:14','2018-10-04 06:01:14',1),(34,'TOTIME55-120S-75','Endmill',NULL,'Endmill TOTIME55-120S-75','2018-10-04 06:01:14','2018-10-04 06:01:14',1),(35,'TPGH110304LPR1425','Insert',NULL,'Insert TPGH110304LPR1425','2018-10-04 06:01:14','2018-10-04 06:01:14',1),(36,'TX304030','Endmill',NULL,'Endmill TX304030','2018-10-04 06:01:15','2018-10-04 06:01:15',1),(37,'TX304080','Endmill',NULL,'Endmill TX304080','2018-10-04 06:01:15','2018-10-04 06:01:15',1),(38,'TX304100','Endmill',NULL,'Endmill TX304100','2018-10-04 06:01:15','2018-10-04 06:01:15',1),(39,'VBMT160408MM1125','Insert',NULL,'Insert VBMT160408MM1125','2018-10-04 06:01:15','2018-10-04 06:01:15',1),(40,'VBMT160408PM4325','Insert',NULL,'Insert VBMT160408PM4325','2018-10-04 06:01:15','2018-10-04 06:01:15',1),(41,'VNMG160404-SF1105','Insert',NULL,'Insert VNMG160404-SF1105','2018-10-04 06:01:15','2018-10-04 06:01:15',1),(42,'VNMG160408-MAUE6110','Insert',NULL,'Insert VNMG160408-MAUE6110','2018-10-04 06:01:16','2018-10-04 06:01:16',1),(43,'VNMG160408PM4325','Insert',NULL,'Insert VNMG160408PM4325','2018-10-04 06:01:16','2018-10-04 06:01:16',1),(44,'VNMG160408SF1105','Insert',NULL,'Insert VNMG160408SF1105','2018-10-04 06:01:16','2018-10-04 06:01:16',1),(45,'WBGT0601021MPB800','Insert',NULL,'Insert WBGT0601021MPB800','2018-10-04 06:01:16','2018-10-04 06:01:16',1),(46,'WCMX06T308MBP800','Insert',NULL,'Insert WCMX06T308MBP800','2018-10-04 06:01:16','2018-10-04 06:01:16',1),(47,'WCMX080412MBP800','Insert',NULL,'Insert WCMX080412MBP800','2018-10-04 06:01:16','2018-10-04 06:01:16',1),(48,'WNMG080408-M3MIC806','Insert',NULL,'Insert WNMG080408-M3MIC806','2018-10-04 06:01:16','2018-10-04 06:01:16',1),(49,'WNMG080408PM4325','Insert',NULL,'Insert WNMG080408PM4325','2018-10-04 06:01:16','2018-10-04 06:01:16',1),(50,'YDS33SD2A04050-4.0','Chamfer',NULL,'Chamfer YDS33SD2A04050-4.0','2018-10-04 06:01:16','2018-10-04 06:01:16',1),(51,'YDS33SD2A06050-6.0','Chamfer',NULL,'Chamfer YDS33SD2A06050-6.0','2018-10-04 06:01:17','2018-10-04 06:01:17',1),(52,'ZE704010','Insert',NULL,'Insert ZE704010','2018-10-04 06:01:17','2018-10-04 06:01:17',1),(53,'ZSPM4040-05','Insert',NULL,'Insert ZSPM4040-05','2018-10-04 06:01:17','2018-10-04 06:01:17',1),(54,'VPGT080202MPCKPR1225','Turning',NULL,'Insert VPGT080202MPCKPR1225\r\n\r\n','2018-12-06 01:24:16','2018-12-06 01:24:16',1),(55,'VBMT160404MM2025','Insert',NULL,'Insert VBMT160404MM2025\r\n','2018-12-06 01:25:22','2018-12-06 01:25:22',1),(56,'VCMT110304MM2025','Insert',NULL,'Insert VCMT110304MM2025\r\n','2018-12-06 01:26:10','2018-12-06 01:26:10',1),(57,'TF35406AC50C','Insert',NULL,'Insert TF35406AC50C\r\n','2018-12-06 01:27:16','2018-12-06 01:27:16',1),(58,'TF35407AC50C','Insert',NULL,'Insert TF35407AC50C\r\n','2018-12-06 01:28:15','2018-12-06 01:28:15',1),(59,'TF35408AC50C','Insert',NULL,'Insert TF35408AC50C\r\n','2018-12-06 01:29:42','2018-12-06 01:29:42',1),(60,'TF35409AC50C','Insert',NULL,'Insert TF35409AC50C\r\n','2018-12-06 01:30:18','2018-12-06 01:30:18',1),(62,'tool1','tx304020',NULL,'endmil 2','2019-03-02 01:46:07','2019-03-02 01:46:07',1),(63,'ENDMILL 4','TX304040',NULL,'DAO PHAY ENDMILL 4','2019-03-02 04:21:21','2019-03-02 04:21:21',1),(64,'ENDMILL 1','TX304010',NULL,'ENDMILL 1, 4 ME THEP THUONG','2019-03-11 00:47:00','2019-03-11 00:47:00',1),(65,'ENDMILL 2','TX304020',NULL,'ENDMILL 2 THEP THUONG, 4 ME','2019-03-11 00:47:37','2019-03-11 00:47:37',1),(66,'ENDMILL 3 ','TX304030',NULL,NULL,'2019-03-11 00:48:06','2019-03-11 00:48:06',1),(341,'TX304010','TX304010',NULL,'ENDMILL 1, THÉP THƯỜNG, 4 ME ','2019-03-13 09:17:08','2019-03-13 09:17:08',1),(342,'TX304015','TX304015',NULL,'ENDMILL 1.5, THÉP THƯỜNG, 4 ME','2019-03-13 09:17:08','2019-03-13 09:17:08',1),(343,'TX304020','TX304020',NULL,'ENDMILL 2, THÉP THƯỜNG, 4 ME ','2019-03-13 09:17:08','2019-03-13 09:17:08',1),(344,'TX304025','TX304025',NULL,'ENDMILL2.5, THÉP THƯỜNG, 4 ME ','2019-03-13 09:17:08','2019-03-13 09:17:08',1),(345,'TX304040','TX304040',NULL,'ENDMILL 4, THÉP THƯỜNG, 4 ME ','2019-03-13 09:17:08','2019-03-13 09:17:08',1),(346,'TX304060','TX304060',NULL,'ENDMILL 6, THÉP THƯỜNG, 4 ME ','2019-03-13 09:17:08','2019-03-13 09:17:08',1),(347,'TX304120','TX304120',NULL,'ENDMILL 12, THÉP THƯỜNG, 4 ME','2019-03-13 09:17:08','2019-03-13 09:17:08',1),(348,'TX304160','TX304160',NULL,'ENDMILL 16, THÉP THƯỜNG, 4 ME','2019-03-13 09:17:08','2019-03-13 09:17:08',1),(349,'ZE704015','ZE704015',NULL,'ENDMILL 1.5,THÉP CỨNG, 4 ME','2019-03-13 09:17:08','2019-03-13 09:17:08',1),(350,'ZE704020','ZE704020',NULL,'ENDMILL 2, THÉP CỨNG, 4 ME ','2019-03-13 09:17:08','2019-03-13 09:17:08',1),(351,'ZE704025','ZE704025',NULL,'ENDMILL 2.5, THÉP CỨNG, 4 ME','2019-03-13 09:17:08','2019-03-13 09:17:08',1),(352,'ZE704030','ZE704030',NULL,'ENDMILL 3, THÉP CỨNG, 4 ME ','2019-03-13 09:17:08','2019-03-13 09:17:08',1),(353,'ZE704040','ZE704040',NULL,'ENDMILL 4, THÉP CỨNG, 4 ME ','2019-03-13 09:17:09','2019-03-13 09:17:09',1),(354,'ZE704060','ZE704060',NULL,'ENDMILL 6, THÉP CỨNG, 4 ME ','2019-03-13 09:17:09','2019-03-13 09:17:09',1),(355,'ZE704080','ZE704080',NULL,'ENDMILL 8, THÉP CỨNG, 4 ME ','2019-03-13 09:17:09','2019-03-13 09:17:09',1),(356,'ZE704100','ZE704100',NULL,'ENDMILL 10, THÉP CỨNG, 4 ME ','2019-03-13 09:17:09','2019-03-13 09:17:09',1),(357,'ZE704120','ZE704120',NULL,'ENDMILL 12, THÉP CỨNG, 4 ME ','2019-03-13 09:17:09','2019-03-13 09:17:09',1),(358,'WAE303010','WAE303010',NULL,'ENDMILL 1, NHÔM, 3 ME','2019-03-13 09:17:09','2019-03-13 09:17:09',1),(359,'WAE303015','WAE303015',NULL,'ENDMILL 1.5, NHÔM, 4 ME ','2019-03-13 09:17:09','2019-03-13 09:17:09',1),(360,'WAE303020','WAE303020',NULL,'ENDMILL 2, NHÔM, 3 ME ','2019-03-13 09:17:09','2019-03-13 09:17:09',1),(361,'WAE303025','WAE303025',NULL,'ENDMILL 2.5, NHÔM, 3 ME','2019-03-13 09:17:09','2019-03-13 09:17:09',1),(362,'WAE303030','WAE303030',NULL,'ENDMILL 3, NHÔM, 3 ME','2019-03-13 09:17:09','2019-03-13 09:17:09',1),(363,'WAE303040','WAE303040',NULL,'ENDMILL 4, NHÔM, 3 ME','2019-03-13 09:17:09','2019-03-13 09:17:09',1),(364,'WAE303060','WAE303060',NULL,'ENDMILL6, NHÔM, 3 ME','2019-03-13 09:17:09','2019-03-13 09:17:09',1),(365,'WAE303080','WAE303080',NULL,'ENDMILL 8, NHÔM,  3 ME','2019-03-13 09:17:09','2019-03-13 09:17:09',1),(366,'WAE303100','WAE303100',NULL,'ENDMILL 10, NHÔM, 3 ME','2019-03-13 09:17:09','2019-03-13 09:17:09',1),(367,'WAE303120','WAE303120',NULL,'ENDMILL 12, NHÔM, 3 ME','2019-03-13 09:17:09','2019-03-13 09:17:09',1),(368,'WAE303160','WAE303160',NULL,'ENDMILL 16, NHÔM, 3 ME','2019-03-13 09:17:09','2019-03-13 09:17:09',1),(369,'18014','18014',NULL,'TAP M1.6 NHÔM, XOẮN','2019-03-13 09:17:09','2019-03-13 09:17:09',1),(370,'18021','18021',NULL,'TAP M2X0.4 NHÔM, XOẮN','2019-03-13 09:17:09','2019-03-13 09:17:09',1),(371,'18034','18034',NULL,'TAP M2.6 NHÔM, XOẮN ','2019-03-13 09:17:09','2019-03-13 09:17:09',1),(372,'11544','11544',NULL,'TAP M3X0.5 NHÔM, XOẮN ','2019-03-13 09:17:09','2019-03-13 09:17:09',1),(373,'18048','18048',NULL,'TAP M3.5X0.6 NHÔM, XOẮN ','2019-03-13 09:17:09','2019-03-13 09:17:09',1),(374,'16116','16116',NULL,'TAP M6X0.75 NHÔM, THẲNG ','2019-03-13 09:17:09','2019-03-13 09:17:09',1),(375,'1017-2.0','1017-2.0',NULL,'TAP M2 THÉP , NÉN PHỦ ','2019-03-13 09:17:09','2019-03-13 09:17:09',1),(376,'1017-2.5','1017-2.5',NULL,'TAP M2.5 THÉP, NÉN PHỦ ','2019-03-13 09:17:09','2019-03-13 09:17:09',1),(377,'1017-3.0','1017-3.0',NULL,'TAP M3 THÉP, NÉN PHỦ ','2019-03-13 09:17:09','2019-03-13 09:17:09',1),(378,'1017-4.0','1017-4.0',NULL,'TAP M4 THÉP, NÉN PHỦ ','2019-03-13 09:17:09','2019-03-13 09:17:09',1),(379,'1017-5.0','1017-5.0',NULL,'TAP M5 THÉP, NÉN PHỦ','2019-03-13 09:17:10','2019-03-13 09:17:10',1),(380,'1017-6.0','1017-6.0',NULL,'TAP M6 THÉP, NÉN PHỦ ','2019-03-13 09:17:10','2019-03-13 09:17:10',1),(381,'1015-2.0','1015-2.0',NULL,'TAP M2X0.4, THÉP, THẲNG PHỦ ','2019-03-13 09:17:10','2019-03-13 09:17:10',1),(382,'1015-2.5','1015-2.5',NULL,'TAP M2.5X0.45, THÉP, THẲNG PHỦ ','2019-03-13 09:17:10','2019-03-13 09:17:10',1),(383,'1015-3.0','1015-3.0',NULL,'TAP M3X0.5, THÉP, THẲNG PHỦ ','2019-03-13 09:17:10','2019-03-13 09:17:10',1),(384,'1015-4.0','1015-4.0',NULL,'TAP M4X0.7, THÉP, THẲNG PHỦ ','2019-03-13 09:17:10','2019-03-13 09:17:10',1),(385,'1015-5.0','1015-5.0',NULL,'TAP M4X0.8, THÉP, THẲNG PHỦ ','2019-03-13 09:17:10','2019-03-13 09:17:10',1),(386,'1015-6.0','1015-6.0',NULL,'TAP M6X1.0, THÉP, THẲNG PHỦ ','2019-03-13 09:17:10','2019-03-13 09:17:10',1),(387,'1015-8.0','1015-8.0',NULL,'TAP M8X1.25 THÉP, THẲNG PHỦ ','2019-03-13 09:17:10','2019-03-13 09:17:10',1),(388,'1015-12.0','1015-12.0',NULL,'TAP M12X1.75 THÉP, THẲNG PHỦ ','2019-03-13 09:17:10','2019-03-13 09:17:10',1),(389,'CPMH090308-PR1425','CPMH090308-PR1425',NULL,'INSERT PHÁ THÔ R0.8','2019-03-13 09:17:10','2019-03-13 09:17:10',1),(390,'GDM30015N-040GMI-PR1225','GDM30015N-040GMI-PR1225',NULL,'INSERT TRÍCH RÃNH R0.4','2019-03-13 09:17:10','2019-03-13 09:17:10',1),(391,'GDM3020N-030PH-PR1535','GDM3020N-030PH-PR1535',NULL,'INSERT TRÍCH RÃNH R0.3','2019-03-13 09:17:10','2019-03-13 09:17:10',1),(392,'GDM2013N-020GMI-PR1225','GDM2013N-020GMI-PR1225',NULL,'INSERT TRÍCH RÃNH R0.2','2019-03-13 09:17:10','2019-03-13 09:17:10',1),(393,'VNMG160404HQ-CA515','VNMG160404HQ-CA515',NULL,'INSERT PHÁ THÔ R0.4','2019-03-13 09:17:10','2019-03-13 09:17:10',1),(394,'GDM2020N-020PH-PR1535','GDM2020N-020PH-PR1535',NULL,'INSERT TRÍCH RÃNH R0.2','2019-03-13 09:17:10','2019-03-13 09:17:10',1),(395,'DNMG150408MS-PR305','DNMG150408MS-PR305',NULL,'INSERT PHÁ THÔ R0.8','2019-03-13 09:17:10','2019-03-13 09:17:10',1),(396,'WNMG080408PG-PR1535','WNMG080408PG-PR1535',NULL,'INSERT PHÁ THÔ R0.8','2019-03-13 09:17:10','2019-03-13 09:17:10',1),(397,'DNMG150404MS-PR1310','DNMG150404MS-PR1310',NULL,'INSERT PHÁ THÔ R0.8 ','2019-03-13 09:17:10','2019-03-13 09:17:10',1),(398,'WNMG080404PG-PV720','WNMG080404PG-PV720',NULL,'INSERT PHSA THÔ R0.4','2019-03-13 09:17:10','2019-03-13 09:17:10',1),(399,'16ER150ISO-TF-PR1115','16ER150ISO-TF-PR1115',NULL,'INSERT TIỆN REN GÓC 60°','2019-03-13 09:17:10','2019-03-13 09:17:10',1),(400,'TNGA160404T0202-PT600M','TNGA160404T0202-PT600M',NULL,'INSERT TIỆN THÔ R0.4','2019-03-13 09:17:10','2019-03-13 09:17:10',1),(401,'VNMG160404PP-CA510','VNMG160404PP-CA510',NULL,'INSERT PHÁ THÔ R0.4','2019-03-13 09:17:10','2019-03-13 09:17:10',1),(402,'TCMT090202HQ-PV7025','TCMT090202HQ-PV7025',NULL,'INSERT PHÁ THÔ R0.4','2019-03-13 09:17:10','2019-03-13 09:17:10',1),(403,'DCGT11T302MFP-GQ','DCGT11T302MFP-GQ',NULL,'INSERT PHÁ THÔ R0.2','2019-03-13 09:17:11','2019-03-13 09:17:11',1),(404,'SNMG120404HQ-PV720','SNMG120404HQ-PV720',NULL,'INSERT PHÁ THÔ R0.4','2019-03-13 09:17:11','2019-03-13 09:17:11',1),(405,'SNMG120408PG-PR1535','SNMG120408PG-PR1535',NULL,'INSERT PHÁ THÔ R0.8','2019-03-13 09:17:11','2019-03-13 09:17:11',1),(406,'TKF16L150-S-PR1225','TKF16L150-S-PR1225',NULL,'INSERT CẮT ĐỨT ','2019-03-13 09:17:11','2019-03-13 09:17:11',1),(407,'11IRA55IC908','11IRA55IC908',NULL,'INSERT TIỆN REN TRONG PHẢI 55 ĐỘ ','2019-03-13 09:17:11','2019-03-13 09:17:11',1),(408,'11IRA60IC908','11IRA60IC908',NULL,'INSERT TIỆN REN TRONG PHẢI 60 ĐỘ','2019-03-13 09:17:11','2019-03-13 09:17:11',1),(409,'16ER0.80-ISO-IC908','16ER0.80-ISO-IC908',NULL,'INSERT TIỆN REN NGOÀI BƯỚC 0.8','2019-03-13 09:17:11','2019-03-13 09:17:11',1),(410,'16ER1.25-ISO-IC908','16ER1.25-ISO-IC908',NULL,'INSERT TIỆN REN NGOÀI BƯỚC 1.25','2019-03-13 09:17:11','2019-03-13 09:17:11',1),(411,'16IRM3.0-ISO-IC908','16IRM3.0-ISO-IC908',NULL,'INSERT TIỆN REN NGOÀI BƯỚC 3.0','2019-03-13 09:17:11','2019-03-13 09:17:11',1),(412,'16ERM2.50-ISO-IC908','16ERM2.50-ISO-IC908',NULL,'INSERT TIỆN REN NGOÀI BƯỚC 2.50','2019-03-13 09:17:11','2019-03-13 09:17:11',1),(413,'16ERM1.50-ISO-IC908','16ERM1.50-ISO-IC908',NULL,'INSERT TIỆN REN NGOÀI BƯỚC 1.50','2019-03-13 09:17:11','2019-03-13 09:17:11',1),(414,'16ERM1.75-ISO-IC908','16ERM1.75-ISO-IC908',NULL,'INSERT TIỆN REN NGOÀI BƯỚC 1.75','2019-03-13 09:17:11','2019-03-13 09:17:11',1),(415,'16ERM2.0-ISO-IC908','16ERM2.0-ISO-IC908',NULL,'INSERT TIỆN REN NGOÀI BƯỚC 2.0','2019-03-13 09:17:11','2019-03-13 09:17:11',1),(416,'16ERM1.0-ISO-IC908','16ERM1.0-ISO-IC908',NULL,'INSERT TIỆN REN NGOÀI BƯỚC 1.0','2019-03-13 09:17:11','2019-03-13 09:17:11',1),(417,'JDMT070208R-JP4020','JDMT070208R-JP4020',NULL,'INSERT PHAY CÁN 10,12 R0.8','2019-03-13 09:17:11','2019-03-13 09:17:11',1),(418,'APMT1135PDER-H2','APMT1135PDER-H2',NULL,'INSERT PPHAY R0.8','2019-03-13 09:17:11','2019-03-13 09:17:11',1),(419,'SOGT12T308PEEFR-JP','SOGT12T308PEEFR-JP',NULL,'INSERT PHAY R0.8','2019-03-13 09:17:11','2019-03-13 09:17:11',1),(420,'JDMT09T320ZDSR-JM-VP15TF','JDMT09T320ZDSR-JM-VP15TF',NULL,'INSERT PHAY','2019-03-13 09:17:11','2019-03-13 09:17:11',1),(421,'XPLT060308ER-D41','XPLT060308ER-D41',NULL,'INSERT PHAY R1.6','2019-03-13 09:17:11','2019-03-13 09:17:11',1),(422,'BLMP0603R-ML-TT9080','BLMP0603R-ML-TT9080',NULL,'INSER PHAY ','2019-03-13 09:17:11','2019-03-13 09:17:11',1),(423,'ZSPM4030-05','ZSPM4030-05',NULL,'ENDMILL 3R0.5','2019-03-13 09:17:11','2019-03-13 09:17:11',1),(424,'ZSPM4060-05','ZSPM4060-05',NULL,'ENDMILL 6R0.5','2019-03-13 09:17:11','2019-03-13 09:17:11',1),(425,'ZSPM4060-10','ZSPM4060-10',NULL,'ENDMILL 6R1.0','2019-03-13 09:17:11','2019-03-13 09:17:11',1),(426,'ZSPM4080-10','ZSPM4080-10',NULL,'ENDMILL 8R1.0','2019-03-13 09:17:11','2019-03-13 09:17:11',1),(427,'LDS030','LDS030',NULL,'CHAMPER 3','2019-03-13 09:17:11','2019-03-13 09:17:11',1),(428,'LDS040','LDS040',NULL,'CHAMPER 4','2019-03-13 09:17:11','2019-03-13 09:17:11',1),(429,'LDS060','LDS060',NULL,'CHAMPER 6','2019-03-13 09:17:11','2019-03-13 09:17:11',1),(433,'16ERM3.00-ISO-IC908','16ERM3.00-ISO-IC908',NULL,'INSERT TIỆN REN NGOÀI BƯỚC 3.0\r\n','2019-03-15 03:38:10','2019-03-15 03:38:10',1),(434,'16ERM1.25-ISO-908','16ERM1.25-ISO-908',NULL,'INSERT TIỆN REN NGƯỜI BƯỚC 1.25\r\n','2019-03-15 03:38:32','2019-03-15 03:38:32',1),(435,'TKF12L100-S-PR1425','TKF12L100-S-PR1425',NULL,'INSERT TRĨNH RÃNH \r\n','2019-03-15 03:38:55','2019-03-15 03:38:55',1),(436,'TNGG16040L-C-TN620','TNGG16040L-C-TN620',NULL,'INSERT PHÁ THÔ R0.4\r\n','2019-03-15 03:39:15','2019-03-15 03:39:15',1),(437,'EZBR040035ST-015F-PR1225','EZBR040035ST-015F-PR1225',NULL,'INSERT MÓC LỖ \r\n','2019-03-15 03:39:35','2019-03-15 03:39:35',1),(438,'VNGA160404S02025-PT600M','VNGA160404S02025-PT600M',NULL,'INSERT PHÁ THÔ R 0.4\r\n','2019-03-15 03:39:59','2019-03-15 03:39:59',1),(439,'VNMG160402PP-PV720','VNMG160402PP-PV720',NULL,'INSERT PHÁ THÔ R0.2\r\n','2019-03-15 03:40:19','2019-03-15 03:40:19',1),(440,'TCMT090204HQ-PV720','TCMT090204HQ-PV720',NULL,'INSERT PHÁ THÔ R0.4\r\n','2019-03-15 03:40:41','2019-03-15 03:40:41',1),(441,'TCEX100304E-AROM4025','TCEX100304E-AROM4025',NULL,'INSERT CHAMPER 12\r\n','2019-03-15 03:41:30','2019-03-15 03:41:30',1);
/*!40000 ALTER TABLE `Tools` ENABLE KEYS */;
UNLOCK TABLES;

--
-- Table structure for table `ToolsMachine`
--

DROP TABLE IF EXISTS `ToolsMachine`;
/*!40101 SET @saved_cs_client     = @@character_set_client */;
 SET character_set_client = utf8mb4 ;
CREATE TABLE `ToolsMachine` (
  `ToolsMachineID` int(10) NOT NULL AUTO_INCREMENT,
  `ToolCode` varchar(100) NOT NULL,
  `MachineCode` varchar(100) DEFAULT NULL,
  `CreatedDate` timestamp NULL DEFAULT NULL,
  `UpdatedDate` timestamp NOT NULL DEFAULT CURRENT_TIMESTAMP ON UPDATE CURRENT_TIMESTAMP,
  `IsActive` tinyint(1) NOT NULL,
  PRIMARY KEY (`ToolsMachineID`)
) ENGINE=InnoDB DEFAULT CHARSET=utf8;
/*!40101 SET character_set_client = @saved_cs_client */;

--
-- Dumping data for table `ToolsMachine`
--

LOCK TABLES `ToolsMachine` WRITE;
/*!40000 ALTER TABLE `ToolsMachine` DISABLE KEYS */;
/*!40000 ALTER TABLE `ToolsMachine` ENABLE KEYS */;
UNLOCK TABLES;

--
-- Table structure for table `ToolsMachineTray`
--

DROP TABLE IF EXISTS `ToolsMachineTray`;
/*!40101 SET @saved_cs_client     = @@character_set_client */;
 SET character_set_client = utf8mb4 ;
CREATE TABLE `ToolsMachineTray` (
  `ToolsMachineTrayID` int(10) NOT NULL AUTO_INCREMENT,
  `MachineCode` varchar(100) NOT NULL,
  `ToolCode` varchar(100) NOT NULL,
  `TrayIndex` varchar(100) NOT NULL,
  `Quantity` int(10) DEFAULT NULL,
  `CreatedDate` timestamp NULL DEFAULT NULL,
  `UpdatedDate` timestamp NOT NULL DEFAULT CURRENT_TIMESTAMP ON UPDATE CURRENT_TIMESTAMP,
  `IsActive` tinyint(1) NOT NULL,
  PRIMARY KEY (`ToolsMachineTrayID`)
) ENGINE=InnoDB AUTO_INCREMENT=100264 DEFAULT CHARSET=utf8;
/*!40101 SET character_set_client = @saved_cs_client */;

--
-- Dumping data for table `ToolsMachineTray`
--

LOCK TABLES `ToolsMachineTray` WRITE;
/*!40000 ALTER TABLE `ToolsMachineTray` DISABLE KEYS */;
INSERT INTO `ToolsMachineTray` VALUES (71869,'VM-1','52157','TRAY_02',2,NULL,'2018-11-09 23:14:01',1),(71870,'VM-1','16EL-8STACME','TRAY_47',7,NULL,'2018-11-09 23:14:39',1),(71871,'VM-1','16ER-8STACME','TRAY_48',10,NULL,'2018-11-09 23:15:51',1),(71872,'VM-1','16IL-8STACME','TRAY_49',10,NULL,'2018-11-09 23:16:37',1),(71873,'VM-1','16IR-8STACME','TRAY_50',10,NULL,'2018-11-09 23:17:21',1),(71874,'VM-1','3300265WXMSGPS','TRAY_16',3,NULL,'2018-11-09 23:18:00',1),(71875,'VM-1','5/16-18UNC','TRAY_12',3,NULL,'2018-11-09 23:18:31',1),(71876,'VM-1','5/16-24UNF','TRAY_03',1,NULL,'2018-11-09 23:19:02',1),(71877,'VM-1','880-070406H-C-GM1044','TRAY_39',10,NULL,'2018-11-09 23:20:11',1),(71878,'VM-1','880-090608H-C-LM1144','TRAY_38',9,NULL,'2018-11-09 23:20:43',1),(71879,'VM-1','880-0906W10H-P-LM4344','TRAY_37',9,NULL,'2018-11-09 23:21:14',1),(71880,'VM-1','9/16-18UNF','TRAY_27',3,NULL,'2018-11-09 23:21:46',1),(71881,'VM-1','AF60135-065TIALN','TRAY_30',1,NULL,'2018-11-09 23:22:26',1),(71882,'VM-1','APMT1604PDER-M2TI960','TRAY_40',0,NULL,'2018-12-18 20:35:57',1),(71883,'VM-1','CCMT120408GKCA525','TRAY_35',10,NULL,'2018-11-09 23:23:48',1),(71884,'VM-1','CDRA03016','TRAY_19',4,NULL,'2018-11-09 23:24:20',1),(71885,'VM-1','CDRA030385','TRAY_17',5,NULL,'2018-11-09 23:25:03',1),(71886,'VM-1','CDRA03042','TRAY_18',4,NULL,'2018-11-09 23:25:28',1),(71887,'VM-1','CDRA03051','TRAY_20',1,NULL,'2018-11-09 23:26:09',1),(71888,'VM-1','CPMH090308PR1425','TRAY_36',0,NULL,'2018-12-18 19:22:59',1),(71889,'VM-1','DCMT11T308PM4325','TRAY_31',7,NULL,'2019-03-05 00:32:29',1),(71890,'VM-1','DNMG110408PM4325','TRAY_32',10,NULL,'2018-11-09 23:28:22',1),(71891,'VM-1','DNMG150408MSPR1310','TRAY_33',4,NULL,'2018-12-18 19:22:30',1),(71892,'VM-1','DTE4-040AH725','TRAY_34',5,NULL,'2019-01-28 06:57:32',1),(71893,'VM-1','M5-0.8','TRAY_01',2,NULL,'2018-11-09 23:30:25',1),(71894,'VM-1','MPHCR080-0.5','TRAY_26',1,NULL,'2018-11-09 23:31:26',1),(71895,'VM-1','TOTIME55-060R-A','TRAY_58',3,NULL,'2018-11-09 23:32:38',1),(71896,'VM-1','TOTIME55-060R-S','TRAY_22',9,NULL,'2018-11-09 23:33:15',1),(71897,'VM-1','TOTIME55-060S-50','TRAY_59',4,NULL,'2019-01-22 06:28:51',1),(71898,'VM-1','TOTIME55-080R-S','TRAY_21',9,NULL,'2019-03-07 08:10:21',1),(71899,'VM-1','TOTIME55-080S-60','TRAY_25',0,NULL,'2018-12-05 23:25:52',1),(71900,'VM-1','TOTIME55-100R-S','TRAY_24',9,NULL,'2018-11-09 23:36:22',1),(71901,'VM-1','TOTIME55-100S-75','TRAY_23',3,NULL,'2019-02-22 06:30:36',1),(71902,'VM-1','TOTIME55-120S-75','TRAY_57',1,NULL,'2019-01-18 01:35:26',1),(71903,'VM-1','TPGH110304LPR1425','TRAY_11',10,NULL,'2018-11-09 23:38:20',1),(71904,'VM-1','TX304030','TRAY_46',3,NULL,'2018-12-18 19:21:53',1),(71905,'VM-1','TX304080','TRAY_60',9,NULL,'2018-12-18 19:21:14',1),(71906,'VM-1','TX304100','TRAY_45',4,NULL,'2018-11-09 23:40:06',1),(71907,'VM-1','VBMT160408PM4325','TRAY_55',9,NULL,'2018-11-13 20:47:55',1),(71908,'VM-1','YDS33SD2A06050-6.0','TRAY_28',0,NULL,'2019-01-17 08:11:53',1),(71909,'VM-1','ZE704010','TRAY_14',10,NULL,'2018-11-09 23:43:36',1),(71910,'VM-1','ZSPM4040-05','TRAY_15',3,NULL,'2018-11-09 23:44:07',1),(71911,'VM-1','VNMG160404-SF1105','TRAY_51',8,NULL,'2019-01-08 20:49:50',1),(71912,'VM-1','VNMG160408-MAUE6110','TRAY_56',9,NULL,'2019-01-22 05:16:41',1),(71913,'VM-1','VNMG160408PM4325','TRAY_52',10,NULL,'2018-11-09 23:46:06',1),(71914,'VM-1','WBGT0601021MPB800','TRAY_13',10,NULL,'2018-11-09 23:46:44',1),(71915,'VM-1','WCMX06T308MBP800','TRAY_41',1,NULL,'2019-01-29 00:35:20',1),(71916,'VM-1','WCMX080412MBP800','TRAY_42',10,NULL,'2019-01-22 06:35:28',1),(71917,'VM-1','WNMG080408-M3MIC806','TRAY_44',8,NULL,'2019-02-26 05:05:09',1),(71918,'VM-1','WNMG080408PM4325','TRAY_43',10,NULL,'2018-11-09 23:50:06',1),(71919,'VM-1','YDS33SD2A04050-4.0','TRAY_29',2,NULL,'2018-11-09 23:50:41',1),(71920,'VM-1','VPGT080202MPCKPR1225','TRAY_54',10,NULL,'2018-12-05 23:23:11',1),(71921,'VM-1','VCMT110304MM2025','TRAY_53',10,NULL,'2018-12-05 23:23:45',1),(71922,'VM-1','VBMT160404MM2025','TRAY_25',3,NULL,'2019-02-27 01:17:29',1),(100151,'VM-2','W','TRAY_34',5,NULL,'2019-03-13 01:06:36',1),(100152,'VM-2','WAE303040','TRAY_35',3,NULL,'2019-03-16 01:44:31',1),(100153,'VM-2','WAE303015','TRAY_36',5,NULL,'2019-03-13 01:08:08',1),(100154,'VM-2','WAE303080','TRAY_37',5,NULL,'2019-03-13 01:08:42',1),(100155,'VM-2','WAE303120','TRAY_38',5,NULL,'2019-03-13 01:09:09',1),(100156,'VM-2','WAE303010','TRAY_39',4,NULL,'2019-03-13 01:25:21',1),(100157,'VM-2','WAE303100','TRAY_40',5,NULL,'2019-03-13 01:10:52',1),(100158,'VM-2','TX304010','TRAY_41',4,NULL,'2019-03-15 08:29:59',1),(100159,'VM-2','TX304025','TRAY_42',4,NULL,'2019-03-13 05:11:28',1),(100160,'VM-2','ZE704030','TRAY_43',5,NULL,'2019-03-13 01:13:04',1),(100161,'VM-2','ZE704040','TRAY_44',5,NULL,'2019-03-13 01:13:40',1),(100162,'VM-2','ZE704025','TRAY_45',5,NULL,'2019-03-13 01:14:38',1),(100163,'VM-2','ZE704015','TRAY_46',5,NULL,'2019-03-13 01:15:11',1),(100164,'VM-2','ZE704020','TRAY_47',3,NULL,'2019-03-14 02:35:32',1),(100165,'VM-2','1017-4.0','TRAY_29',5,NULL,'2019-03-13 01:18:46',1),(100166,'VM-2','1017-5.0','TRAY_26',5,NULL,'2019-03-13 01:19:22',1),(100167,'VM-2','ZE704080','TRAY_48',5,NULL,'2019-03-13 01:34:55',1),(100168,'VM-2','ZE704060','TRAY_49',5,NULL,'2019-03-13 01:35:22',1),(100169,'VM-2','ZE704010','TRAY_50',5,NULL,'2019-03-13 01:35:50',1),(100170,'VM-2','TX304160','TRAY_51',5,NULL,'2019-03-13 01:36:09',1),(100171,'VM-2','TX304120','TRAY_52',4,NULL,'2019-03-15 03:01:38',1),(100172,'VM-2','TX304100','TRAY_53',5,NULL,'2019-03-13 01:37:18',1),(100173,'VM-2','ZE704120','TRAY_54',5,NULL,'2019-03-13 01:37:38',1),(100174,'VM-2','ZE704100','TRAY_55',4,NULL,'2019-03-14 12:46:14',1),(100175,'VM-2','TX304080','TRAY_56',5,NULL,'2019-03-13 01:38:26',1),(100176,'VM-2','TX304015','TRAY_57',5,NULL,'2019-03-13 01:38:49',1),(100177,'VM-2','TX304030','TRAY_58',4,NULL,'2019-03-14 07:19:41',1),(100178,'VM-2','TX304060','TRAY_59',5,NULL,'2019-03-13 01:39:34',1),(100179,'VM-2','WAE303160','TRAY_60',4,NULL,'2019-03-16 04:13:07',1),(100180,'VM-2','APMT1135PDER-H2','TRAY_01',10,NULL,'2019-03-13 01:41:44',1),(100181,'VM-2','JDMT070208R-JP4020','TRAY_02',0,NULL,'2019-03-15 13:22:27',1),(100182,'VM-2','JDMT09T320ZDSR-JM-VP15TF','TRAY_03',10,NULL,'2019-03-13 01:42:46',1),(100183,'VM-2','ZSPM4060-10','TRAY_18',4,NULL,'2019-03-14 02:33:58',1),(100184,'VM-2','ZSPM4040-05','TRAY_19',5,NULL,'2019-03-13 01:45:48',1),(100185,'VM-2','ZSPM4030-05','TRAY_20',5,NULL,'2019-03-13 01:46:06',1),(100186,'VM-2','LDS030','TRAY_21',8,NULL,'2019-03-16 04:43:23',1),(100187,'VM-2','LDS040','TRAY_22',10,NULL,'2019-03-13 01:47:04',1),(100188,'VM-2','LDS060','TRAY_23',3,NULL,'2019-03-16 01:03:12',1),(100189,'VM-2','TX304040','TRAY_24',4,NULL,'2019-03-15 03:56:04',1),(100190,'VM-2','ZSPM4080-10','TRAY_30',5,NULL,'2019-03-13 01:48:28',1),(100191,'VM-2','WAE303020','TRAY_31',2,NULL,'2019-03-15 15:21:49',1),(100192,'VM-2','WAE303060','TRAY_32',2,NULL,'2019-03-16 04:42:36',1),(100193,'VM-2','WAE303030','TRAY_33',5,NULL,'2019-03-13 01:49:48',1),(100194,'VM-2','WAE303025','TRAY_34',5,NULL,'2019-03-13 01:51:04',1),(100195,'VM-2','1015-4.0','TRAY_11',4,NULL,'2019-03-15 18:52:37',1),(100196,'VM-2','1015-2.5','TRAY_12',5,NULL,'2019-03-13 01:53:06',1),(100197,'VM-2','1015-2.0','TRAY_13',9,NULL,'2019-03-15 18:11:27',1),(100198,'VM-2','1015-5.0','TRAY_14',5,NULL,'2019-03-13 01:53:56',1),(100199,'VM-2','1017-2.0','TRAY_25',8,NULL,'2019-03-15 15:24:39',1),(100200,'VM-2','1017-2.5','TRAY_27',5,NULL,'2019-03-13 01:55:27',1),(100201,'VM-2','1015-3.0','TRAY_28',9,NULL,'2019-03-15 15:32:35',1),(100202,'VM-2','1015-8.0','TRAY_16',4,NULL,'2019-03-14 02:32:43',1),(100203,'VM-2','ZSPM4060-05','TRAY_17',5,NULL,'2019-03-14 16:23:08',1),(100204,'VM-2','TX304020','TRAY_04',0,NULL,'2019-03-14 12:48:09',1),(100205,'VM-3','16ERM2.50-ISO-IC908','TRAY_01',5,NULL,'2019-03-13 03:08:32',1),(100206,'VM-3','16ERM1.50-ISO-IC908','TRAY_11',5,NULL,'2019-03-13 03:09:59',1),(100207,'VM-3','16ER150ISO-TF-PR1115','TRAY_12',5,NULL,'2019-03-13 03:11:12',1),(100208,'VM-3','16ERM2.0-ISO-IC908','TRAY_13',5,NULL,'2019-03-13 03:12:01',1),(100209,'VM-3','16ERM1.0-ISO-IC908','TRAY_14',5,NULL,'2019-03-13 03:12:30',1),(100210,'VM-3','VNMG160404HQ-CA515','TRAY_15',5,NULL,'2019-03-13 03:13:04',1),(100211,'VM-3','DNMG150404MS-PR1310','TRAY_16',5,NULL,'2019-03-13 03:13:32',1),(100212,'VM-3','16ER0.80-ISO-IC908','TRAY_17',5,NULL,'2019-03-13 03:13:55',1),(100213,'VM-3','WNMG080408PG-PR1535','TRAY_18',5,NULL,'2019-03-13 03:14:32',1),(100214,'VM-3','ZE704080','TRAY_21',5,NULL,'2019-03-13 04:09:46',1),(100215,'VM-3','GDM2020N-020PH-PR1535','TRAY_22',5,NULL,'2019-03-13 04:10:17',1),(100216,'VM-3','DCGT11T302MFP-GQ','TRAY_23',4,NULL,'2019-03-13 11:07:00',1),(100217,'VM-3','TCMT090202HQ-PV7025','TRAY_24',5,NULL,'2019-03-13 04:11:07',1),(100218,'VM-3','CPMH090308-PR1425','TRAY_27',5,NULL,'2019-03-13 04:15:48',1),(100219,'VM-3','GDM3020N-030PH-PR1535','TRAY_28',5,NULL,'2019-03-13 04:16:11',1),(100220,'VM-3','16ERM1.75-ISO-IC908','TRAY_29',5,NULL,'2019-03-13 04:16:38',1),(100221,'VM-3','ZE704020','TRAY_37',5,NULL,'2019-03-13 04:18:18',1),(100222,'VM-3','ZE704120','TRAY_31',5,NULL,'2019-03-13 04:18:50',1),(100223,'VM-3','ZE704100','TRAY_32',5,NULL,'2019-03-13 04:19:06',1),(100224,'VM-3','ZE704060','TRAY_33',5,NULL,'2019-03-13 04:19:34',1),(100225,'VM-3','ZE704025','TRAY_35',5,NULL,'2019-03-13 04:20:24',1),(100226,'VM-3','ZE704040','TRAY_36',5,NULL,'2019-03-13 04:20:45',1),(100227,'VM-3','ZE704010','TRAY_38',5,NULL,'2019-03-13 04:21:06',1),(100228,'VM-3','ZE704015','TRAY_39',5,NULL,'2019-03-13 04:21:39',1),(100229,'VM-3','WAE303160','TRAY_40',5,NULL,'2019-03-13 04:21:58',1),(100230,'VM-3','TX304025','TRAY_41',4,NULL,'2019-03-13 16:09:31',1),(100231,'VM-3','WAE303040','TRAY_42',5,NULL,'2019-03-13 04:31:19',1),(100232,'VM-3','WAE303080','TRAY_43',4,NULL,'2019-03-15 09:45:37',1),(100233,'VM-3','WAE303025','TRAY_44',5,NULL,'2019-03-13 04:32:21',1),(100234,'VM-3','WAE303030','TRAY_45',5,NULL,'2019-03-13 04:32:40',1),(100235,'VM-3','WAE303020','TRAY_46',5,NULL,'2019-03-13 04:32:55',1),(100236,'VM-3','WAE303010','TRAY_47',5,NULL,'2019-03-13 04:33:13',1),(100237,'VM-3','WAE303015','TRAY_48',5,NULL,'2019-03-13 04:33:29',1),(100238,'VM-3','WAE303100','TRAY_49',5,NULL,'2019-03-14 04:57:35',1),(100239,'VM-3','WAE303120','TRAY_50',4,NULL,'2019-03-14 15:14:34',1),(100240,'VM-3','TX304010','TRAY_51',3,NULL,'2019-03-16 03:47:19',1),(100241,'VM-3','TX304015','TRAY_52',5,NULL,'2019-03-13 04:34:46',1),(100242,'VM-3','TX304020','TRAY_53',2,NULL,'2019-03-15 10:44:22',1),(100243,'VM-3','TX304030','TRAY_54',4,NULL,'2019-03-14 15:13:21',1),(100244,'VM-3','TX304040','TRAY_55',5,NULL,'2019-03-13 04:35:46',1),(100245,'VM-3','TX304060','TRAY_56',3,NULL,'2019-03-15 16:02:23',1),(100246,'VM-3','TX304080','TRAY_57',5,NULL,'2019-03-13 04:36:21',1),(100247,'VM-3','TX304100','TRAY_58',5,NULL,'2019-03-13 04:36:35',1),(100248,'VM-3','TX304120','TRAY_59',4,NULL,'2019-03-14 04:53:16',1),(100249,'VM-3','TX304160','TRAY_60',5,NULL,'2019-03-13 04:37:12',1),(100250,'VM-3','ZE704030','TRAY_34',5,NULL,'2019-03-14 05:53:12',1),(100251,'VM-3','11IRA55IC908','TRAY_25',4,NULL,'2019-03-14 05:53:41',1),(100252,'VM-3','BLMP0603R-ML-TT9080','TRAY_06',6,NULL,'2019-03-15 16:41:51',1),(100253,'VM-3','JDMT070208R-JP4020','TRAY_09',10,NULL,'2019-03-14 10:56:48',1),(100254,'VM-3','TPGH110304LPR1425','TRAY_03',5,NULL,'2019-03-14 10:57:26',1),(100255,'VM-3','APMT1135PDER-H2','TRAY_08',5,NULL,'2019-03-15 07:11:01',1),(100256,'VM-3','TCEX100304E-AROM4025','TRAY_07',5,NULL,'2019-03-15 07:11:23',1),(100257,'VM-3','VNGA160404S02025-PT600M','TRAY_04',5,NULL,'2019-03-15 07:11:51',1),(100258,'VM-3','VNMG160402PP-PV720','TRAY_05',5,NULL,'2019-03-15 07:12:11',1),(100259,'VM-3','EZBR040035ST-015F-PR1225','TRAY_02',10,NULL,'2019-03-15 07:12:39',1),(100260,'VM-3','16ERM3.00-ISO-IC908','TRAY_19',5,NULL,'2019-03-15 07:13:25',1),(100261,'VM-3','16ERM1.25-ISO-908','TRAY_20',5,NULL,'2019-03-15 07:13:47',1),(100262,'VM-3','TKF12L100-S-PR1425','TRAY_26',5,NULL,'2019-03-15 07:14:07',1),(100263,'VM-3','TNGG16040L-C-TN620','TRAY_30',5,NULL,'2019-03-15 07:14:30',1);
/*!40000 ALTER TABLE `ToolsMachineTray` ENABLE KEYS */;
UNLOCK TABLES;

--
-- Table structure for table `WorkingTransaction`
--

DROP TABLE IF EXISTS `WorkingTransaction`;
/*!40101 SET @saved_cs_client     = @@character_set_client */;
 SET character_set_client = utf8mb4 ;
CREATE TABLE `WorkingTransaction` (
  `WorkingTransactionID` int(20) NOT NULL AUTO_INCREMENT,
  `TransactionDate` timestamp NULL DEFAULT NULL,
  `MachineCode` varchar(100) NOT NULL,
  `CompanyCode` varchar(100) NOT NULL,
  `AssessorID` varchar(100) NOT NULL,
  `WOCode` varchar(100) NOT NULL,
  `OPCode` varchar(100) NOT NULL,
  `ToolCode` varchar(100) NOT NULL,
  `TrayIndex` varchar(100) DEFAULT NULL,
  `Quantity` int(10) DEFAULT NULL,
  `UpdatedDate` timestamp NOT NULL DEFAULT CURRENT_TIMESTAMP ON UPDATE CURRENT_TIMESTAMP,
  `TransactionStatus` varchar(255) DEFAULT NULL,
  `RespondMessage` varchar(255) DEFAULT NULL,
  `TransactionType` varchar(255) DEFAULT NULL,
  PRIMARY KEY (`WorkingTransactionID`),
  KEY `TransactionDate` (`TransactionDate`),
  KEY `AssessorID` (`AssessorID`),
  KEY `ToolCode` (`ToolCode`),
  KEY `MachineCode` (`MachineCode`),
  KEY `CompanyCode` (`CompanyCode`)
) ENGINE=InnoDB AUTO_INCREMENT=22528 DEFAULT CHARSET=utf8;
/*!40101 SET character_set_client = @saved_cs_client */;

--
-- Dumping data for table `WorkingTransaction`
--

LOCK TABLES `WorkingTransaction` WRITE;
/*!40000 ALTER TABLE `WorkingTransaction` DISABLE KEYS */;
INSERT INTO `WorkingTransaction` VALUES (204,'2018-11-09 23:16:35','VM-1','VINAMOILTOOLS','ACCT','','','16IL-8STACME','TRAY_49',10,'2018-11-09 23:16:35','Complete',NULL,'PutIns'),(205,'2018-11-09 23:17:20','VM-1','VINAMOILTOOLS','ACCT','','','16IR-8STACME','TRAY_50',10,'2018-11-09 23:17:20','Complete',NULL,'PutIns'),(206,'2018-11-09 23:17:59','VM-1','VINAMOILTOOLS','ACCT','','','3300265WXMSGPS','TRAY_16',3,'2018-11-09 23:17:59','Complete',NULL,'PutIns'),(207,'2018-11-09 23:18:29','VM-1','VINAMOILTOOLS','ACCT','','','5/16-18UNC','TRAY_12',3,'2018-11-09 23:18:29','Complete',NULL,'PutIns'),(208,'2018-11-09 23:19:01','VM-1','VINAMOILTOOLS','ACCT','','','5/16-24UNF','TRAY_03',1,'2018-11-09 23:19:01','Complete',NULL,'PutIns'),(209,'2018-11-09 23:20:10','VM-1','VINAMOILTOOLS','ACCT','','','880-070406H-C-GM1044','TRAY_39',10,'2018-11-09 23:20:10','Complete',NULL,'PutIns'),(210,'2018-11-09 23:20:42','VM-1','VINAMOILTOOLS','ACCT','','','880-090608H-C-LM1144','TRAY_38',9,'2018-11-09 23:20:42','Complete',NULL,'PutIns'),(211,'2018-11-09 23:21:13','VM-1','VINAMOILTOOLS','ACCT','','','880-0906W10H-P-LM4344','TRAY_37',9,'2018-11-09 23:21:13','Complete',NULL,'PutIns'),(212,'2018-11-09 23:21:45','VM-1','VINAMOILTOOLS','ACCT','','','9/16-18UNF','TRAY_27',3,'2018-11-09 23:21:45','Complete',NULL,'PutIns'),(213,'2018-11-09 23:22:25','VM-1','VINAMOILTOOLS','ACCT','','','AF60135-065TIALN','TRAY_30',1,'2018-11-09 23:22:25','Complete',NULL,'PutIns'),(214,'2018-11-09 23:23:03','VM-1','VINAMOILTOOLS','ACCT','','','APMT1604PDER-M2TI960','TRAY_40',10,'2018-11-09 23:23:03','Complete',NULL,'PutIns'),(215,'2018-11-09 23:23:47','VM-1','VINAMOILTOOLS','ACCT','','','CCMT120408GKCA525','TRAY_35',10,'2018-11-09 23:23:47','Complete',NULL,'PutIns'),(216,'2018-11-09 23:24:19','VM-1','VINAMOILTOOLS','ACCT','','','CDRA03016','TRAY_19',4,'2018-11-09 23:24:19','Complete',NULL,'PutIns'),(217,'2018-11-09 23:25:27','VM-1','VINAMOILTOOLS','ACCT','','','CDRA03042','TRAY_18',4,'2018-11-09 23:25:27','Complete',NULL,'PutIns'),(218,'2018-11-09 23:26:08','VM-1','VINAMOILTOOLS','ACCT','','','CDRA03051','TRAY_20',1,'2018-11-09 23:26:08','Complete',NULL,'PutIns'),(219,'2018-11-09 23:26:53','VM-1','VINAMOILTOOLS','ACCT','','','CPMH090308PR1425','TRAY_36',10,'2018-11-09 23:26:53','Complete',NULL,'PutIns'),(220,'2018-11-09 23:27:30','VM-1','VINAMOILTOOLS','ACCT','','','DCMT11T308PM4325','TRAY_31',8,'2018-11-09 23:27:30','Complete',NULL,'PutIns'),(221,'2018-11-09 23:28:21','VM-1','VINAMOILTOOLS','ACCT','','','DNMG110408PM4325','TRAY_32',10,'2018-11-09 23:28:21','Complete',NULL,'PutIns'),(222,'2018-11-09 23:28:59','VM-1','VINAMOILTOOLS','ACCT','','','DNMG150408MSPR1310','TRAY_33',10,'2018-11-09 23:28:59','Complete',NULL,'PutIns'),(223,'2018-11-09 23:29:38','VM-1','VINAMOILTOOLS','ACCT','','','DTE4-040AH725','TRAY_34',10,'2018-11-09 23:29:38','Complete',NULL,'PutIns'),(224,'2018-11-09 23:30:24','VM-1','VINAMOILTOOLS','ACCT','','','M5-0.8','TRAY_01',2,'2018-11-09 23:30:24','Complete',NULL,'PutIns'),(225,'2018-11-09 23:31:25','VM-1','VINAMOILTOOLS','ACCT','','','MPHCR080-0.5','TRAY_26',1,'2018-11-09 23:31:25','Complete',NULL,'PutIns'),(226,'2018-11-09 23:32:37','VM-1','VINAMOILTOOLS','ACCT','','','TOTIME55-060R-A','TRAY_58',3,'2018-11-09 23:32:37','Complete',NULL,'PutIns'),(227,'2018-11-09 23:33:14','VM-1','VINAMOILTOOLS','ACCT','','','TOTIME55-060R-S','TRAY_22',9,'2018-11-09 23:33:14','Complete',NULL,'PutIns'),(228,'2018-11-09 23:33:57','VM-1','VINAMOILTOOLS','ACCT','','','TOTIME55-060S-50','TRAY_59',5,'2018-11-09 23:33:57','Complete',NULL,'PutIns'),(229,'2018-11-09 23:35:08','VM-1','VINAMOILTOOLS','ACCT','','','TOTIME55-080R-S','TRAY_21',10,'2018-11-09 23:35:08','Complete',NULL,'PutIns'),(230,'2018-11-09 23:35:39','VM-1','VINAMOILTOOLS','ACCT','','','TOTIME55-080S-60','TRAY_25',1,'2018-11-09 23:35:39','Complete',NULL,'PutIns'),(231,'2018-11-09 23:36:21','VM-1','VINAMOILTOOLS','ACCT','','','TOTIME55-100R-S','TRAY_24',9,'2018-11-09 23:36:21','Complete',NULL,'PutIns'),(232,'2018-11-09 23:37:05','VM-1','VINAMOILTOOLS','ACCT','','','TOTIME55-100S-75','TRAY_23',5,'2018-11-09 23:37:05','Complete',NULL,'PutIns'),(233,'2018-11-09 23:37:44','VM-1','VINAMOILTOOLS','ACCT','','','TOTIME55-120S-75','TRAY_57',6,'2018-11-09 23:37:44','Complete',NULL,'PutIns'),(234,'2018-11-09 23:38:19','VM-1','VINAMOILTOOLS','ACCT','','','TPGH110304LPR1425','TRAY_11',10,'2018-11-09 23:38:19','Complete',NULL,'PutIns'),(235,'2018-11-09 23:38:53','VM-1','VINAMOILTOOLS','ACCT','','','TX304030','TRAY_46',4,'2018-11-09 23:38:53','Complete',NULL,'PutIns'),(236,'2018-11-09 23:39:35','VM-1','VINAMOILTOOLS','ACCT','','','TX304080','TRAY_60',10,'2018-11-09 23:39:35','Complete',NULL,'PutIns'),(237,'2018-11-09 23:40:05','VM-1','VINAMOILTOOLS','ACCT','','','TX304100','TRAY_45',4,'2018-11-09 23:40:05','Complete',NULL,'PutIns'),(238,'2018-11-09 23:41:04','VM-1','VINAMOILTOOLS','ACCT','','','VBMT160408PM4325','TRAY_55',10,'2018-11-09 23:41:04','Complete',NULL,'PutIns'),(239,'2018-11-09 23:41:48','VM-1','VINAMOILTOOLS','ACCT','','','YDS33SD2A06050-6.0','TRAY_28',1,'2018-11-09 23:41:48','Complete',NULL,'PutIns'),(240,'2018-11-09 23:43:35','VM-1','VINAMOILTOOLS','ACCT','','','ZE704010','TRAY_14',10,'2018-11-09 23:43:35','Complete',NULL,'PutIns'),(241,'2018-11-09 23:44:06','VM-1','VINAMOILTOOLS','ACCT','','','ZSPM4040-05','TRAY_15',3,'2018-11-09 23:44:06','Complete',NULL,'PutIns'),(242,'2018-11-09 23:44:43','VM-1','VINAMOILTOOLS','ACCT','','','VNMG160404-SF1105','TRAY_51',10,'2018-11-09 23:44:43','Complete',NULL,'PutIns'),(243,'2018-11-09 23:45:18','VM-1','VINAMOILTOOLS','ACCT','','','VNMG160408-MAUE6110','TRAY_56',10,'2018-11-09 23:45:18','Complete',NULL,'PutIns'),(244,'2018-11-09 23:46:05','VM-1','VINAMOILTOOLS','ACCT','','','VNMG160408PM4325','TRAY_52',10,'2018-11-09 23:46:05','Complete',NULL,'PutIns'),(245,'2018-11-09 23:46:43','VM-1','VINAMOILTOOLS','ACCT','','','WBGT0601021MPB800','TRAY_13',10,'2018-11-09 23:46:43','Complete',NULL,'PutIns'),(246,'2018-11-09 23:47:14','VM-1','VINAMOILTOOLS','ACCT','','','WCMX06T308MBP800','TRAY_41',10,'2018-11-09 23:47:14','Complete',NULL,'PutIns'),(247,'2018-11-09 23:47:45','VM-1','VINAMOILTOOLS','ACCT','','','WCMX080412MBP800','TRAY_42',10,'2018-11-09 23:47:45','Complete',NULL,'PutIns'),(248,'2018-11-09 23:48:17','VM-1','VINAMOILTOOLS','ACCT','','','WNMG080408-M3MIC806','TRAY_44',10,'2018-11-09 23:48:17','Complete',NULL,'PutIns'),(249,'2018-11-09 23:50:05','VM-1','VINAMOILTOOLS','ACCT','','','WNMG080408PM4325','TRAY_43',10,'2018-11-09 23:50:05','Complete',NULL,'PutIns'),(250,'2018-11-09 23:50:40','VM-1','VINAMOILTOOLS','ACCT','','','YDS33SD2A04050-4.0','TRAY_29',2,'2018-11-09 23:50:40','Complete',NULL,'PutIns'),(251,'2018-11-13 20:29:27','VM-1','VINAMOILTOOLS','SUBADMIN','0041','040','VNMG160404-SF1105','TRAY_51',0,'2018-11-13 20:29:39','ProductFail',NULL,'GetTools'),(252,'2018-11-13 20:29:46','VM-1','VINAMOILTOOLS','SUBADMIN','0041','040','VNMG160404-SF1105','TRAY_51',0,'2018-11-13 20:29:58','ProductFail',NULL,'GetTools'),(253,'2018-11-13 20:30:59','VM-1','VINAMOILTOOLS','SUBADMIN','0041','040','VBMT160408PM4325','TRAY_55',0,'2018-11-13 20:31:11','ProductFail',NULL,'GetTools'),(254,'2018-11-13 20:32:26','VM-1','VINAMOILTOOLS','SUBADMIN','0041','040','TX304100','TRAY_45',0,'2018-11-13 20:32:37','ProductFail',NULL,'GetTools'),(255,'2018-11-13 20:38:04','VM-1','VINAMOILTOOLS','SUBADMIN','1','1','DCMT11T308PM4325','TRAY_31',0,'2018-11-13 20:38:16','ProductFail',NULL,'GetTools'),(256,'2018-11-13 20:47:42','VM-1','VINAMOILTOOLS','SUBADMIN','1','1','VBMT160408PM4325','TRAY_55',1,'2018-11-13 20:47:54','ProductOK',NULL,'GetTools'),(257,'2018-11-14 18:20:13','VM-1','VINAMOILTOOLS','SUBADMIN','0033','90','APMT1604PDER-M2TI960','TRAY_40',1,'2018-11-14 18:20:25','ProductOK',NULL,'GetTools'),(258,'2018-11-14 18:20:44','VM-1','VINAMOILTOOLS','SUBADMIN','0033','90','APMT1604PDER-M2TI960','TRAY_40',1,'2018-11-14 18:20:56','ProductOK',NULL,'GetTools'),(259,'2018-11-14 23:36:22','VM-1','VINAMOILTOOLS','SUBADMIN','0041','040','VNMG160404-SF1105','TRAY_51',1,'2018-11-14 23:36:34','ProductOK',NULL,'GetTools'),(260,'2018-11-24 01:54:12','VM-1','VINAMOILTOOLS','SUBADMIN','1','2','TOTIME55-080S-60','TRAY_25',0,'2018-11-24 01:54:25','ProductFail',NULL,'GetTools'),(261,'2018-12-03 20:51:42','VM-1','VINAMOILTOOLS','SUBADMIN','0041','50','APMT1604PDER-M2TI960','TRAY_40',1,'2018-12-03 20:51:54','ProductOK',NULL,'GetTools'),(262,'2018-12-03 20:52:24','VM-1','VINAMOILTOOLS','SUBADMIN','41','50','APMT1604PDER-M2TI960','TRAY_40',1,'2018-12-03 20:52:36','ProductOK',NULL,'GetTools'),(263,'2018-12-03 20:52:55','VM-1','VINAMOILTOOLS','SUBADMIN','41','50','APMT1604PDER-M2TI960','TRAY_40',1,'2018-12-03 20:53:07','ProductOK',NULL,'GetTools'),(264,'2018-12-05 22:38:53','VM-1','VINAMOILTOOLS','181115','1','1','880-070406H-C-GM1044','TRAY_39',0,'2018-12-05 22:39:05','ProductFail',NULL,'GetTools'),(265,'2018-12-05 22:39:15','VM-1','VINAMOILTOOLS','181115','1','1','880-070406H-C-GM1044','TRAY_39',0,'2018-12-05 22:39:27','ProductFail',NULL,'GetTools'),(266,'2018-12-05 22:39:39','VM-1','VINAMOILTOOLS','181115','1','1','880-070406H-C-GM1044','TRAY_39',0,'2018-12-05 22:39:51','ProductFail',NULL,'GetTools'),(267,'2018-12-05 22:39:59','VM-1','VINAMOILTOOLS','181115','1','1','880-070406H-C-GM1044','TRAY_39',0,'2018-12-05 22:40:11','ProductFail',NULL,'GetTools'),(268,'2018-12-05 22:40:21','VM-1','VINAMOILTOOLS','181115','1','1','880-070406H-C-GM1044','TRAY_39',0,'2018-12-05 22:40:32','ProductFail',NULL,'GetTools'),(269,'2018-12-05 22:40:46','VM-1','VINAMOILTOOLS','181115','1','1','880-070406H-C-GM1044','TRAY_39',0,'2018-12-05 22:40:58','ProductFail',NULL,'GetTools'),(270,'2018-12-05 22:41:21','VM-1','VINAMOILTOOLS','181115','1','1','880-070406H-C-GM1044','TRAY_39',0,'2018-12-05 22:41:33','ProductFail',NULL,'GetTools'),(271,'2018-12-05 22:41:41','VM-1','VINAMOILTOOLS','181115','1','1','880-070406H-C-GM1044','TRAY_39',0,'2018-12-05 22:41:53','ProductFail',NULL,'GetTools'),(272,'2018-12-05 22:41:58','VM-1','VINAMOILTOOLS','181115','1','1','880-070406H-C-GM1044','TRAY_39',0,'2018-12-05 22:42:10','ProductFail',NULL,'GetTools'),(273,'2018-12-05 22:42:16','VM-1','VINAMOILTOOLS','181115','1','1','880-070406H-C-GM1044','TRAY_39',0,'2018-12-05 22:42:27','ProductFail',NULL,'GetTools'),(274,'2018-12-05 22:42:47','VM-1','VINAMOILTOOLS','181115','1','1','880-070406H-C-GM1044','TRAY_39',0,'2018-12-05 22:42:59','ProductFail',NULL,'GetTools'),(275,'2018-12-05 22:43:05','VM-1','VINAMOILTOOLS','181115','1','1','880-070406H-C-GM1044','TRAY_39',0,'2018-12-05 22:43:17','ProductFail',NULL,'GetTools'),(276,'2018-12-05 22:45:48','VM-1','VINAMOILTOOLS','181115','1','1','880-090608H-C-LM1144','TRAY_38',0,'2018-12-05 22:46:00','ProductFail',NULL,'GetTools'),(277,'2018-12-05 22:46:04','VM-1','VINAMOILTOOLS','181115','1','1','880-090608H-C-LM1144','TRAY_38',0,'2018-12-05 22:46:16','ProductFail',NULL,'GetTools'),(278,'2018-12-05 22:46:21','VM-1','VINAMOILTOOLS','181115','1','1','880-090608H-C-LM1144','TRAY_38',0,'2018-12-05 22:46:32','ProductFail',NULL,'GetTools'),(279,'2018-12-05 22:46:40','VM-1','VINAMOILTOOLS','181115','1','1','880-090608H-C-LM1144','TRAY_38',0,'2018-12-05 22:46:52','ProductFail',NULL,'GetTools'),(280,'2018-12-05 22:48:52','VM-1','VINAMOILTOOLS','181115','1','1','880-0906W10H-P-LM4344','TRAY_37',0,'2018-12-05 22:49:03','ProductFail',NULL,'GetTools'),(281,'2018-12-05 22:49:53','VM-1','VINAMOILTOOLS','181115','1','1','CCMT120408GKCA525','TRAY_35',0,'2018-12-05 22:50:04','ProductFail',NULL,'GetTools'),(282,'2018-12-05 22:50:49','VM-1','VINAMOILTOOLS','181115','1','1','DTE4-040AH725','TRAY_34',0,'2018-12-05 22:51:00','ProductFail',NULL,'GetTools'),(283,'2018-12-05 22:51:23','VM-1','VINAMOILTOOLS','181115','1','1','DNMG150408MSPR1310','TRAY_33',0,'2018-12-05 22:51:34','ProductFail',NULL,'GetTools'),(284,'2018-12-05 23:23:10','VM-1','VINAMOILTOOLS','acct','','','VPGT080202MPCKPR1225','TRAY_54',10,'2018-12-05 23:23:10','Complete',NULL,'PutIns'),(285,'2018-12-05 23:23:44','VM-1','VINAMOILTOOLS','acct','','','VCMT110304MM2025','TRAY_53',10,'2018-12-05 23:23:44','Complete',NULL,'PutIns'),(286,'2018-12-05 23:25:51','VM-1','VINAMOILTOOLS','ACCT','','','TOTIME55-080S-60','TRAY_25',0,'2018-12-05 23:25:51','Complete',NULL,'TakeOver'),(287,'2018-12-05 23:26:34','VM-1','VINAMOILTOOLS','ACCT','','','VBMT160404MM2025','TRAY_25',6,'2018-12-05 23:26:34','Complete',NULL,'PutIns'),(288,'2018-12-06 17:41:27','VM-1','VINAMOILTOOLS','181110','41','50','TOTIME55-120S-75','TRAY_57',1,'2018-12-06 17:41:38','ProductOK',NULL,'GetTools'),(289,'2018-12-18 00:26:26','VM-1','VINAMOILTOOLS','181110','42','50','APMT1604PDER-M2TI960','TRAY_40',1,'2018-12-18 00:26:38','ProductOK',NULL,'GetTools'),(290,'2018-12-18 00:27:05','VM-1','VINAMOILTOOLS','181110','42','50','APMT1604PDER-M2TI960','TRAY_40',1,'2018-12-18 00:27:17','ProductOK',NULL,'GetTools'),(291,'2018-12-18 00:27:37','VM-1','VINAMOILTOOLS','181110','42','50','APMT1604PDER-M2TI960','TRAY_40',1,'2018-12-18 00:27:49','ProductOK',NULL,'GetTools'),(292,'2018-12-18 19:21:13','VM-1','VINAMOILTOOLS','ACCT','','','TX304080','TRAY_60',9,'2018-12-18 19:21:13','Complete',NULL,'TakeOver'),(293,'2018-12-18 19:21:52','VM-1','VINAMOILTOOLS','ACCT','','','TX304030','TRAY_46',3,'2018-12-18 19:21:52','Complete',NULL,'TakeOver'),(294,'2018-12-18 19:22:29','VM-1','VINAMOILTOOLS','ACCT','','','DNMG150408MSPR1310','TRAY_33',4,'2018-12-18 19:22:29','Complete',NULL,'TakeOver'),(295,'2018-12-18 19:22:58','VM-1','VINAMOILTOOLS','ACCT','','','CPMH090308PR1425','TRAY_36',0,'2018-12-18 19:22:58','Complete',NULL,'TakeOver'),(296,'2018-12-18 20:35:10','VM-1','VINAMOILTOOLS','181102','42','50','APMT1604PDER-M2TI960','TRAY_40',1,'2018-12-18 20:35:22','ProductOK',NULL,'GetTools'),(297,'2018-12-18 20:35:45','VM-1','VINAMOILTOOLS','181102','42','50','APMT1604PDER-M2TI960','TRAY_40',1,'2018-12-18 20:35:57','ProductOK',NULL,'GetTools'),(298,'2018-12-20 23:18:39','VM-1','VINAMOILTOOLS','181116','42','40','TOTIME55-100S-75','TRAY_23',1,'2018-12-20 23:18:51','ProductOK',NULL,'GetTools'),(299,'2018-12-25 00:10:17','VM-1','VINAMOILTOOLS','181116','42','40','WCMX06T308MBP800','TRAY_41',1,'2018-12-25 00:10:29','ProductOK',NULL,'GetTools'),(300,'2018-12-25 00:10:51','VM-1','VINAMOILTOOLS','181116','42','40','WCMX06T308MBP800','TRAY_41',1,'2018-12-25 00:11:03','ProductOK',NULL,'GetTools'),(301,'2018-12-25 18:49:54','VM-1','VINAMOILTOOLS','181115','42','50','TOTIME55-120S-75','TRAY_57',1,'2018-12-25 18:50:07','ProductOK',NULL,'GetTools'),(302,'2018-12-28 19:41:41','VM-1','VINAMOILTOOLS','181116','42','40','TOTIME55-120S-75','TRAY_57',1,'2018-12-28 19:41:54','ProductOK',NULL,'GetTools'),(303,'2018-12-28 19:57:53','VM-1','VINAMOILTOOLS','181116','42','40','TOTIME55-060S-50','TRAY_59',1,'2018-12-28 19:58:05','ProductOK',NULL,'GetTools'),(304,'2019-01-03 23:01:33','VM-1','VINAMOILTOOLS','181116','42','40','TOTIME55-120S-75','TRAY_57',1,'2019-01-03 23:01:46','ProductOK',NULL,'GetTools'),(305,'2019-01-08 00:04:28','VM-1','VINAMOILTOOLS','181107','02','30','WCMX06T308MBP800','TRAY_41',1,'2019-01-08 00:04:41','ProductOK',NULL,'GetTools'),(306,'2019-01-08 00:05:11','VM-1','VINAMOILTOOLS','181107','02','30','WCMX06T308MBP800','TRAY_41',1,'2019-01-08 00:05:23','ProductOK',NULL,'GetTools'),(307,'2019-01-08 01:12:25','VM-1','VINAMOILTOOLS','181122','02','30','DTE4-040AH725','TRAY_34',1,'2019-01-08 01:12:37','ProductOK',NULL,'GetTools'),(308,'2019-01-08 18:43:33','VM-1','VINAMOILTOOLS','181121','00002','30','WCMX06T308MBP800','TRAY_41',1,'2019-01-08 18:43:45','ProductOK',NULL,'GetTools'),(309,'2019-01-08 20:49:39','VM-1','VINAMOILTOOLS','181115','02','30','VNMG160404-SF1105','TRAY_51',1,'2019-01-08 20:49:50','ProductOK',NULL,'GetTools'),(310,'2019-01-17 05:52:33','VM-1','VINAMOILTOOLS','181122','00005','30','WCMX06T308MBP800','TRAY_41',1,'2019-01-17 05:52:46','ProductOK',NULL,'GetTools'),(311,'2019-01-17 05:53:45','VM-1','VINAMOILTOOLS','181122','00005','30','WCMX06T308MBP800','TRAY_41',1,'2019-01-17 05:53:57','ProductOK',NULL,'GetTools'),(312,'2019-01-17 05:54:35','VM-1','VINAMOILTOOLS','181122','00005','30','WCMX06T308MBP800','TRAY_41',1,'2019-01-17 05:54:47','ProductOK',NULL,'GetTools'),(313,'2019-01-17 05:57:46','VM-1','VINAMOILTOOLS','181107','00003','40','WCMX080412MBP800','TRAY_42',1,'2019-01-17 05:57:57','ProductOK',NULL,'GetTools'),(314,'2019-01-17 08:11:40','VM-1','VINAMOILTOOLS','181116','MO00003','50','YDS33SD2A06050-6.0','TRAY_28',1,'2019-01-17 08:11:53','ProductOK',NULL,'GetTools'),(315,'2019-01-18 01:35:14','VM-1','VINAMOILTOOLS','181107','05','40','TOTIME55-120S-75','TRAY_57',1,'2019-01-18 01:35:26','ProductOK',NULL,'GetTools'),(316,'2019-01-19 00:41:43','VM-1','VINAMOILTOOLS','181122','00005','30','DTE4-040AH725','TRAY_34',1,'2019-01-19 00:41:55','ProductOK',NULL,'GetTools'),(317,'2019-01-22 05:01:04','VM-1','VINAMOILTOOLS','181107','00006','30','WCMX080412MBP800','TRAY_42',0,'2019-01-22 05:01:16','ProductFail',NULL,'GetTools'),(318,'2019-01-22 05:01:24','VM-1','VINAMOILTOOLS','181107','00006','30','WCMX080412MBP800','TRAY_42',1,'2019-01-22 05:01:36','ProductOK',NULL,'GetTools'),(319,'2019-01-22 05:03:02','VM-1','VINAMOILTOOLS','181107','00006','30','TOTIME55-060S-50','TRAY_59',1,'2019-01-22 05:03:14','ProductOK',NULL,'GetTools'),(320,'2019-01-22 05:15:23','VM-1','VINAMOILTOOLS','181107','00007','30','VBMT160404MM2025','TRAY_25',1,'2019-01-22 05:15:35','ProductOK',NULL,'GetTools'),(321,'2019-01-22 05:16:29','VM-1','VINAMOILTOOLS','181107','00007','30','VNMG160408-MAUE6110','TRAY_56',1,'2019-01-22 05:16:41','ProductOK',NULL,'GetTools'),(322,'2019-01-22 05:17:25','VM-1','VINAMOILTOOLS','181107','00007','30','WNMG080408-M3MIC806','TRAY_44',0,'2019-01-22 05:17:37','ProductFail',NULL,'GetTools'),(323,'2019-01-22 05:17:45','VM-1','VINAMOILTOOLS','181107','00007','30','WNMG080408-M3MIC806','TRAY_44',1,'2019-01-22 05:17:57','ProductOK',NULL,'GetTools'),(324,'2019-01-22 06:28:49','VM-1','VINAMOILTOOLS','180102','','','TOTIME55-060S-50','TRAY_59',4,'2019-01-22 06:28:49','Complete',NULL,'PutIns'),(325,'2019-01-22 06:35:27','VM-1','VINAMOILTOOLS','180102','','','WCMX080412MBP800','TRAY_42',10,'2019-01-22 06:35:27','Complete',NULL,'PutIns'),(326,'2019-01-24 05:08:41','VM-1','VINAMOILTOOLS','181122','00008','30','DTE4-040AH725','TRAY_34',1,'2019-01-24 05:08:53','ProductOK',NULL,'GetTools'),(327,'2019-01-25 01:01:58','VM-1','VINAMOILTOOLS','181107','00007','3O','DTE4-040AH725','TRAY_34',1,'2019-01-25 01:02:10','ProductOK',NULL,'GetTools'),(328,'2019-01-26 01:07:08','VM-1','VINAMOILTOOLS','181107','00007','30','VBMT160404MM2025','TRAY_25',1,'2019-01-26 01:07:21','ProductOK',NULL,'GetTools'),(329,'2019-01-28 06:57:19','VM-1','VINAMOILTOOLS','181122','MO/00011','30','DTE4-040AH725','TRAY_34',1,'2019-01-28 06:57:32','ProductOK',NULL,'GetTools'),(330,'2019-01-29 00:35:07','VM-1','VINAMOILTOOLS','181122','00011','30','WCMX06T308MBP800','TRAY_41',1,'2019-01-29 00:35:20','ProductOK',NULL,'GetTools'),(331,'2019-02-22 06:30:23','VM-1','VINAMOILTOOLS','181110','MO0001','40','TOTIME55-100S-75','TRAY_23',1,'2019-02-22 06:30:36','ProductOK',NULL,'GetTools'),(332,'2019-02-26 05:04:56','VM-1','VINAMOILTOOLS','181107','11','30','WNMG080408-M3MIC806','TRAY_44',1,'2019-02-26 05:05:09','ProductOK',NULL,'GetTools'),(333,'2019-02-27 01:17:17','VM-1','VINAMOILTOOLS','181107','11','409','VBMT160404MM2025','TRAY_25',1,'2019-02-27 01:17:29','ProductOK',NULL,'GetTools'),(22294,'2019-03-13 01:06:35','VM-2','MFC','MFCSUBACC','','','W','TRAY_34',5,'2019-03-13 01:06:35','Complete',NULL,'PutIns'),(22295,'2019-03-13 01:07:09','VM-2','MFC','MFCSUBACC','','','WAE303040','TRAY_35',5,'2019-03-13 01:07:09','Complete',NULL,'PutIns'),(22296,'2019-03-13 01:08:06','VM-2','MFC','MFCSUBACC','','','WAE303015','TRAY_36',5,'2019-03-13 01:08:06','Complete',NULL,'PutIns'),(22297,'2019-03-13 01:08:41','VM-2','MFC','MFCSUBACC','','','WAE303080','TRAY_37',5,'2019-03-13 01:08:41','Complete',NULL,'PutIns'),(22298,'2019-03-13 01:09:08','VM-2','MFC','MFCSUBACC','','','WAE303120','TRAY_38',5,'2019-03-13 01:09:08','Complete',NULL,'PutIns'),(22299,'2019-03-13 01:09:45','VM-2','MFC','MFCSUBACC','','','WAE303010','TRAY_39',5,'2019-03-13 01:09:45','Complete',NULL,'PutIns'),(22300,'2019-03-13 01:10:51','VM-2','MFC','MFCSUBACC','','','WAE303100','TRAY_40',5,'2019-03-13 01:10:51','Complete',NULL,'PutIns'),(22301,'2019-03-13 01:11:29','VM-2','MFC','MFCSUBACC','','','TX304010','TRAY_41',5,'2019-03-13 01:11:29','Complete',NULL,'PutIns'),(22302,'2019-03-13 01:12:21','VM-2','MFC','MFCSUBACC','','','TX304025','TRAY_42',5,'2019-03-13 01:12:21','Complete',NULL,'PutIns'),(22303,'2019-03-13 01:13:03','VM-2','MFC','MFCSUBACC','','','ZE704030','TRAY_43',5,'2019-03-13 01:13:03','Complete',NULL,'PutIns'),(22304,'2019-03-13 01:13:39','VM-2','MFC','MFCSUBACC','','','ZE704040','TRAY_44',5,'2019-03-13 01:13:39','Complete',NULL,'PutIns'),(22305,'2019-03-13 01:14:37','VM-2','MFC','MFCSUBACC','','','ZE704025','TRAY_45',5,'2019-03-13 01:14:37','Complete',NULL,'PutIns'),(22306,'2019-03-13 01:15:10','VM-2','MFC','MFCSUBACC','','','ZE704015','TRAY_46',5,'2019-03-13 01:15:10','Complete',NULL,'PutIns'),(22307,'2019-03-13 01:15:43','VM-2','MFC','MFCSUBACC','','','ZE704020','TRAY_47',5,'2019-03-13 01:15:43','Complete',NULL,'PutIns'),(22308,'2019-03-13 01:18:45','VM-2','MFC','MFCSUBACC','','','1017-4.0','TRAY_29',5,'2019-03-13 01:18:45','Complete',NULL,'PutIns'),(22309,'2019-03-13 01:19:21','VM-2','MFC','MFCSUBACC','','','1017-5.0','TRAY_26',5,'2019-03-13 01:19:21','Complete',NULL,'PutIns'),(22310,'2019-03-13 01:21:45','VM-2','MFC','140401001','27','1','1017-4.0','TRAY_29',0,'2019-03-13 01:21:58','ProductFail',NULL,'GetTools'),(22311,'2019-03-13 01:22:55','VM-2','MFC','MFCSUBADMIN','27','12','1017-5.0','TRAY_26',0,'2019-03-13 01:23:07','ProductFail',NULL,'GetTools'),(22312,'2019-03-13 01:24:41','VM-2','MFC','MFCSUBADMIN','23','12','WAE303010','TRAY_39',0,'2019-03-13 01:24:53','ProductFail',NULL,'GetTools'),(22313,'2019-03-13 01:25:10','VM-2','MFC','MFCSUBADMIN','23','12','WAE303010','TRAY_39',1,'2019-03-13 01:25:21','ProductOK',NULL,'GetTools'),(22314,'2019-03-13 01:25:40','VM-2','MFC','MFCSUBADMIN','12','3','1017-4.0','TRAY_29',0,'2019-03-13 01:25:52','ProductFail',NULL,'GetTools'),(22315,'2019-03-13 01:34:54','VM-2','MFC','MFCSUBACC','','','ZE704080','TRAY_48',5,'2019-03-13 01:34:54','Complete',NULL,'PutIns'),(22316,'2019-03-13 01:35:21','VM-2','MFC','MFCSUBACC','','','ZE704060','TRAY_49',5,'2019-03-13 01:35:21','Complete',NULL,'PutIns'),(22317,'2019-03-13 01:35:49','VM-2','MFC','MFCSUBACC','','','ZE704010','TRAY_50',5,'2019-03-13 01:35:49','Complete',NULL,'PutIns'),(22318,'2019-03-13 01:36:08','VM-2','MFC','MFCSUBACC','','','TX304160','TRAY_51',5,'2019-03-13 01:36:08','Complete',NULL,'PutIns'),(22319,'2019-03-13 01:36:44','VM-2','MFC','MFCSUBACC','','','TX304120','TRAY_52',5,'2019-03-13 01:36:44','Complete',NULL,'PutIns'),(22320,'2019-03-13 01:37:17','VM-2','MFC','MFCSUBACC','','','TX304100','TRAY_53',5,'2019-03-13 01:37:17','Complete',NULL,'PutIns'),(22321,'2019-03-13 01:37:37','VM-2','MFC','MFCSUBACC','','','ZE704120','TRAY_54',5,'2019-03-13 01:37:37','Complete',NULL,'PutIns'),(22322,'2019-03-13 01:38:01','VM-2','MFC','MFCSUBACC','','','ZE704100','TRAY_55',5,'2019-03-13 01:38:01','Complete',NULL,'PutIns'),(22323,'2019-03-13 01:38:25','VM-2','MFC','MFCSUBACC','','','TX304080','TRAY_56',5,'2019-03-13 01:38:25','Complete',NULL,'PutIns'),(22324,'2019-03-13 01:38:48','VM-2','MFC','MFCSUBACC','','','TX304015','TRAY_57',5,'2019-03-13 01:38:48','Complete',NULL,'PutIns'),(22325,'2019-03-13 01:39:10','VM-2','MFC','MFCSUBACC','','','TX304030','TRAY_58',5,'2019-03-13 01:39:10','Complete',NULL,'PutIns'),(22326,'2019-03-13 01:39:33','VM-2','MFC','MFCSUBACC','','','TX304060','TRAY_59',5,'2019-03-13 01:39:33','Complete',NULL,'PutIns'),(22327,'2019-03-13 01:39:56','VM-2','MFC','MFCSUBACC','','','WAE303160','TRAY_60',5,'2019-03-13 01:39:56','Complete',NULL,'PutIns'),(22328,'2019-03-13 01:41:43','VM-2','MFC','MFCSUBACC','','','APMT1135PDER-H2','TRAY_01',10,'2019-03-13 01:41:43','Complete',NULL,'PutIns'),(22329,'2019-03-13 01:42:18','VM-2','MFC','MFCSUBACC','','','JDMT070208R-JP4020','TRAY_02',10,'2019-03-13 01:42:18','Complete',NULL,'PutIns'),(22330,'2019-03-13 01:42:45','VM-2','MFC','MFCSUBACC','','','JDMT09T320ZDSR-JM-VP15TF','TRAY_03',10,'2019-03-13 01:42:45','Complete',NULL,'PutIns'),(22331,'2019-03-13 01:45:11','VM-2','MFC','MFCSUBACC','','','ZSPM4060-10','TRAY_18',5,'2019-03-13 01:45:11','Complete',NULL,'PutIns'),(22332,'2019-03-13 01:45:47','VM-2','MFC','MFCSUBACC','','','ZSPM4040-05','TRAY_19',5,'2019-03-13 01:45:47','Complete',NULL,'PutIns'),(22333,'2019-03-13 01:46:05','VM-2','MFC','MFCSUBACC','','','ZSPM4030-05','TRAY_20',5,'2019-03-13 01:46:05','Complete',NULL,'PutIns'),(22334,'2019-03-13 01:46:38','VM-2','MFC','MFCSUBACC','','','LDS030','TRAY_21',10,'2019-03-13 01:46:38','Complete',NULL,'PutIns'),(22335,'2019-03-13 01:47:02','VM-2','MFC','MFCSUBACC','','','LDS040','TRAY_22',10,'2019-03-13 01:47:02','Complete',NULL,'PutIns'),(22336,'2019-03-13 01:47:30','VM-2','MFC','MFCSUBACC','','','LDS060','TRAY_23',5,'2019-03-13 01:47:30','Complete',NULL,'PutIns'),(22337,'2019-03-13 01:47:48','VM-2','MFC','MFCSUBACC','','','TX304040','TRAY_24',5,'2019-03-13 01:47:48','Complete',NULL,'PutIns'),(22338,'2019-03-13 01:48:27','VM-2','MFC','MFCSUBACC','','','ZSPM4080-10','TRAY_30',5,'2019-03-13 01:48:27','Complete',NULL,'PutIns'),(22339,'2019-03-13 01:48:58','VM-2','MFC','MFCSUBACC','','','WAE303020','TRAY_31',5,'2019-03-13 01:48:58','Complete',NULL,'PutIns'),(22340,'2019-03-13 01:49:16','VM-2','MFC','MFCSUBACC','','','WAE303060','TRAY_32',5,'2019-03-13 01:49:16','Complete',NULL,'PutIns'),(22341,'2019-03-13 01:49:47','VM-2','MFC','MFCSUBACC','','','WAE303030','TRAY_33',5,'2019-03-13 01:49:47','Complete',NULL,'PutIns'),(22342,'2019-03-13 01:51:03','VM-2','MFC','MFCSUBACC','','','WAE303025','TRAY_34',5,'2019-03-13 01:51:03','Complete',NULL,'PutIns'),(22343,'2019-03-13 01:52:40','VM-2','MFC','MFCSUBACC','','','1015-4.0','TRAY_11',5,'2019-03-13 01:52:40','Complete',NULL,'PutIns'),(22344,'2019-03-13 01:53:05','VM-2','MFC','MFCSUBACC','','','1015-2.5','TRAY_12',5,'2019-03-13 01:53:05','Complete',NULL,'PutIns'),(22345,'2019-03-13 01:53:29','VM-2','MFC','MFCSUBACC','','','1015-2.0','TRAY_13',10,'2019-03-13 01:53:29','Complete',NULL,'PutIns'),(22346,'2019-03-13 01:53:55','VM-2','MFC','MFCSUBACC','','','1015-5.0','TRAY_14',5,'2019-03-13 01:53:55','Complete',NULL,'PutIns'),(22347,'2019-03-13 01:54:30','VM-2','MFC','MFCSUBACC','','','1017-2.0','TRAY_25',10,'2019-03-13 01:54:30','Complete',NULL,'PutIns'),(22348,'2019-03-13 01:55:25','VM-2','MFC','MFCSUBACC','','','1017-2.5','TRAY_27',5,'2019-03-13 01:55:25','Complete',NULL,'PutIns'),(22349,'2019-03-13 01:56:04','VM-2','MFC','MFCSUBACC','','','1015-3.0','TRAY_28',10,'2019-03-13 01:56:04','Complete',NULL,'PutIns'),(22350,'2019-03-13 03:32:18','VM-2','MFC','140401001','32','2','ZE704020','TRAY_47',0,'2019-03-13 03:32:30','ProductFail',NULL,'GetTools'),(22351,'2019-03-13 03:32:40','VM-2','MFC','140401001','32','2','ZE704020','TRAY_47',1,'2019-03-13 03:32:52','ProductOK',NULL,'GetTools'),(22352,'2019-03-13 05:10:58','VM-2','MFC','140401001','32','2','TX304025','TRAY_42',0,'2019-03-13 05:11:10','ProductFail',NULL,'GetTools'),(22353,'2019-03-13 05:11:17','VM-2','MFC','140401001','32','2','TX304025','TRAY_42',1,'2019-03-13 05:11:28','ProductOK',NULL,'GetTools'),(22354,'2019-03-13 05:13:56','VM-2','MFC','140401001','32','2','1015-2.0','TRAY_13',0,'2019-03-13 05:14:08','ProductFail',NULL,'GetTools'),(22355,'2019-03-13 05:14:19','VM-2','MFC','140401001','32','2','1015-2.0','TRAY_13',0,'2019-03-13 05:14:30','ProductFail',NULL,'GetTools'),(22356,'2019-03-13 05:14:35','VM-2','MFC','140401001','32','2','1015-2.0','TRAY_13',1,'2019-03-13 05:14:39','MotorStop',NULL,'GetTools'),(22357,'2019-03-13 09:30:48','VM-2','MFC','MFCSUBACC','','','1015-8.0','TRAY_16',5,'2019-03-13 09:30:48','Complete',NULL,'PutIns'),(22358,'2019-03-13 09:31:38','VM-2','MFC','130102001','28IB2201008','1','1015-8.0','TRAY_16',1,'2019-03-13 09:31:38','Send request to board',NULL,'GetTools'),(22359,'2019-03-13 09:32:24','VM-2','MFC','130102001','28IB2201008','1','1015-8.0','TRAY_16',0,'2019-03-13 09:35:36','FailSendRequestToBoard',NULL,'GetTools'),(22360,'2019-03-13 09:36:06','VM-2','MFC','130102001','28IB2201008','1','1015-8.0','TRAY_16',1,'2019-03-13 09:36:06','Send request to board',NULL,'GetTools'),(22361,'2019-03-13 12:02:20','VM-2','MFC','130102001','359IC0401212','1','WAE303060','TRAY_32',0,'2019-03-13 13:01:06','FailSendRequestToBoard',NULL,'GetTools'),(22362,'2019-03-13 13:21:27','VM-2','MFC','140401001','32','2','ZE704020','TRAY_47',0,'2019-03-13 13:45:53','FailSendRequestToBoard',NULL,'GetTools'),(22363,'2019-03-13 13:48:24','VM-2','MFC','140401001','32','2','ZE704020','TRAY_47',1,'2019-03-13 13:48:24','Send request to board',NULL,'GetTools'),(22364,'2019-03-13 13:54:45','VM-2','MFC','140401001','32','2','LDS040','TRAY_22',1,'2019-03-13 13:54:45','Send request to board',NULL,'GetTools'),(22365,'2019-03-13 18:15:18','VM-2','MFC','140401001','TX304120','TX304120','TX304120','TRAY_52',0,'2019-03-13 18:15:18','FailSendRequestToBoard',NULL,'GetTools'),(22366,'2019-03-13 18:15:29','VM-2','MFC','140401001','TX304120','TX304120','TX304120','TRAY_52',1,'2019-03-13 18:15:29','Send request to board',NULL,'GetTools'),(22367,'2019-03-13 18:17:14','VM-2','MFC','140401001','TX304120','TX304120','TX304120','TRAY_52',0,'2019-03-13 18:50:43','FailSendRequestToBoard',NULL,'GetTools'),(22368,'2019-03-14 00:01:53','VM-2','MFC','140401001','ZSPM4060-05','ZSPM4060-05','ZSPM4060-10','TRAY_18',1,'2019-03-14 00:01:53','Send request to board',NULL,'GetTools'),(22369,'2019-03-14 02:18:53','VM-2','MFC','MFCSUBADMIN','12','3','1015-8.0','TRAY_16',0,'2019-03-14 02:19:50','FailSendRequestToBoard',NULL,'GetTools'),(22370,'2019-03-14 02:31:58','VM-2','MFC','MFCSUBADMIN','23','2','1015-8.0','TRAY_16',0,'2019-03-14 02:32:10','ProductFail',NULL,'GetTools'),(22371,'2019-03-14 02:32:15','VM-2','MFC','MFCSUBADMIN','23','2','1015-8.0','TRAY_16',0,'2019-03-14 02:32:26','ProductFail',NULL,'GetTools'),(22372,'2019-03-14 02:32:32','VM-2','MFC','MFCSUBADMIN','23','2','1015-8.0','TRAY_16',1,'2019-03-14 02:32:43','ProductOK',NULL,'GetTools'),(22373,'2019-03-14 02:33:30','VM-2','MFC','MFCSUBADMIN','34','1','ZSPM4060-10','TRAY_18',0,'2019-03-14 02:33:42','ProductFail',NULL,'GetTools'),(22374,'2019-03-14 02:33:46','VM-2','MFC','MFCSUBADMIN','34','1','ZSPM4060-10','TRAY_18',1,'2019-03-14 02:33:58','ProductOK',NULL,'GetTools'),(22375,'2019-03-14 02:35:00','VM-2','MFC','MFCSUBADMIN','32','2','ZE704020','TRAY_47',0,'2019-03-14 02:35:11','ProductFail',NULL,'GetTools'),(22376,'2019-03-14 02:35:20','VM-2','MFC','MFCSUBADMIN','32','2','ZE704020','TRAY_47',1,'2019-03-14 02:35:31','ProductOK',NULL,'GetTools'),(22377,'2019-03-14 02:52:22','VM-2','MFC','MFCSUBACC','','','ZSPM4060-05','TRAY_17',6,'2019-03-14 02:52:22','Complete',NULL,'PutIns'),(22378,'2019-03-14 03:02:21','VM-2','MFC','MFCSUBACC','','','TX304020','TRAY_04',5,'2019-03-14 03:02:21','Complete',NULL,'PutIns'),(22379,'2019-03-14 03:17:19','VM-2','MFC','140401001','28IA1700565','2','TX304020','TRAY_04',0,'2019-03-14 03:17:31','ProductFail',NULL,'GetTools'),(22380,'2019-03-14 03:17:36','VM-2','MFC','140401001','28IA1700565','2','TX304020','TRAY_04',1,'2019-03-14 03:17:48','ProductOK',NULL,'GetTools'),(22381,'2019-03-14 03:18:27','VM-2','MFC','140401001','28IA1700565','2','TX304020','TRAY_04',1,'2019-03-14 03:18:38','ProductOK',NULL,'GetTools'),(22382,'2019-03-14 03:19:59','VM-2','MFC','140401001','28IA1700565','2','TX304020','TRAY_04',1,'2019-03-14 03:20:11','ProductOK',NULL,'GetTools'),(22383,'2019-03-14 03:20:42','VM-2','MFC','140401001','52IC0801228','1','WAE303020','TRAY_31',0,'2019-03-14 03:20:53','ProductFail',NULL,'GetTools'),(22384,'2019-03-14 03:21:05','VM-2','MFC','140401001','52IC0801228','1','WAE303020','TRAY_31',1,'2019-03-14 03:21:16','ProductOK',NULL,'GetTools'),(22385,'2019-03-14 03:21:55','VM-2','MFC','140401001','52IC0801228','1','WAE303020','TRAY_31',1,'2019-03-14 03:22:07','ProductOK',NULL,'GetTools'),(22386,'2019-03-14 07:19:13','VM-2','MFC','140401001','357IB2601061','1','TX304030','TRAY_58',0,'2019-03-14 07:19:25','ProductFail',NULL,'GetTools'),(22387,'2019-03-14 07:19:30','VM-2','MFC','140401001','357IB2601061','1','TX304030','TRAY_58',1,'2019-03-14 07:19:41','ProductOK',NULL,'GetTools'),(22388,'2019-03-14 12:46:03','VM-2','MFC','140401001','28IC0401195','1','ZE704100','TRAY_55',1,'2019-03-14 12:46:14','ProductOK',NULL,'GetTools'),(22389,'2019-03-14 12:47:23','VM-2','MFC','140401001','28IA1700565','2','TX304020','TRAY_04',1,'2019-03-14 12:47:34','ProductOK',NULL,'GetTools'),(22390,'2019-03-14 12:47:57','VM-2','MFC','140401001','28IA1700565','2','TX304020','TRAY_04',1,'2019-03-14 12:48:09','ProductOK',NULL,'GetTools'),(22391,'2019-03-14 16:22:38','VM-2','MFC','140401001','32','1','ZSPM4060-05','TRAY_17',0,'2019-03-14 16:22:50','ProductFail',NULL,'GetTools'),(22392,'2019-03-14 16:22:57','VM-2','MFC','140401001','32','1','ZSPM4060-05','TRAY_17',1,'2019-03-14 16:23:08','ProductOK',NULL,'GetTools'),(22393,'2019-03-15 00:59:18','VM-2','MFC','140401001','28IB2601086','1','JDMT070208R-JP4020','TRAY_02',1,'2019-03-15 00:59:31','ProductOK',NULL,'GetTools'),(22394,'2019-03-15 01:00:11','VM-2','MFC','140401001','28IB2601086','1','JDMT070208R-JP4020','TRAY_02',1,'2019-03-15 01:00:22','ProductOK',NULL,'GetTools'),(22395,'2019-03-15 01:00:42','VM-2','MFC','140401001','28IB2601086','1','JDMT070208R-JP4020','TRAY_02',1,'2019-03-15 01:00:54','ProductOK',NULL,'GetTools'),(22396,'2019-03-15 01:29:43','VM-2','MFC','140401001','28IB2601073','1','JDMT070208R-JP4020','TRAY_02',1,'2019-03-15 01:29:56','ProductOK',NULL,'GetTools'),(22397,'2019-03-15 01:30:19','VM-2','MFC','140401001','28IB2601073','1','JDMT070208R-JP4020','TRAY_02',1,'2019-03-15 01:30:30','ProductOK',NULL,'GetTools'),(22398,'2019-03-15 01:30:48','VM-2','MFC','140401001','28IB2601073','1','JDMT070208R-JP4020','TRAY_02',1,'2019-03-15 01:30:59','ProductOK',NULL,'GetTools'),(22399,'2019-03-15 03:01:26','VM-2','MFC','140401001','28IB2601087','1','TX304120','TRAY_52',1,'2019-03-15 03:01:38','ProductOK',NULL,'GetTools'),(22400,'2019-03-15 03:55:33','VM-2','MFC','140401001','359IB1300762','7','TX304040','TRAY_24',0,'2019-03-15 03:55:46','ProductFail',NULL,'GetTools'),(22401,'2019-03-15 03:55:52','VM-2','MFC','140401001','359IB1300762','7','TX304040','TRAY_24',1,'2019-03-15 03:56:04','ProductOK',NULL,'GetTools'),(22402,'2019-03-15 04:43:33','VM-2','MFC','140401001','28IC0401185','1','JDMT070208R-JP4020','TRAY_02',1,'2019-03-15 04:43:45','ProductOK',NULL,'GetTools'),(22403,'2019-03-15 04:44:43','VM-2','MFC','140401001','28IC0401185','1','JDMT070208R-JP4020','TRAY_02',1,'2019-03-15 04:44:54','ProductOK',NULL,'GetTools'),(22404,'2019-03-15 08:29:27','VM-2','MFC','140401001','28IA09-00111','1','TX304010','TRAY_41',0,'2019-03-15 08:29:40','ProductFail',NULL,'GetTools'),(22405,'2019-03-15 08:29:48','VM-2','MFC','140401001','28IA09-00111','1','TX304010','TRAY_41',1,'2019-03-15 08:29:59','ProductOK',NULL,'GetTools'),(22406,'2019-03-15 13:12:38','VM-2','MFC','140401001','22','1','LDS060','TRAY_23',0,'2019-03-15 13:12:51','ProductFail',NULL,'GetTools'),(22407,'2019-03-15 13:12:56','VM-2','MFC','140401001','22','1','LDS060','TRAY_23',1,'2019-03-15 13:13:08','ProductOK',NULL,'GetTools'),(22408,'2019-03-15 13:21:37','VM-2','MFC','140401001','22','1','JDMT070208R-JP4020','TRAY_02',1,'2019-03-15 13:21:48','ProductOK',NULL,'GetTools'),(22409,'2019-03-15 13:22:15','VM-2','MFC','140401001','22','2','JDMT070208R-JP4020','TRAY_02',1,'2019-03-15 13:22:27','ProductOK',NULL,'GetTools'),(22410,'2019-03-15 15:14:37','VM-2','MFC','140401001','0','1','1017-2.0','TRAY_25',1,'2019-03-15 15:14:49','ProductOK',NULL,'GetTools'),(22411,'2019-03-15 15:20:37','VM-2','MFC','140401001','NAPHOPIN','1','WAE303040','TRAY_35',0,'2019-03-15 15:20:48','ProductFail',NULL,'GetTools'),(22412,'2019-03-15 15:20:58','VM-2','MFC','140401001','NAPHOPIN','1','WAE303040','TRAY_35',1,'2019-03-15 15:21:10','ProductOK',NULL,'GetTools'),(22413,'2019-03-15 15:21:38','VM-2','MFC','140401001','NAPHOPIN','1','WAE303020','TRAY_31',1,'2019-03-15 15:21:49','ProductOK',NULL,'GetTools'),(22414,'2019-03-15 15:22:20','VM-2','MFC','140401001','NAPHOPIN','1','LDS030','TRAY_21',0,'2019-03-15 15:22:28','ProductFail',NULL,'GetTools'),(22415,'2019-03-15 15:22:34','VM-2','MFC','140401001','NAPHOPIN','1','LDS030','TRAY_21',1,'2019-03-15 15:22:45','ProductOK',NULL,'GetTools'),(22416,'2019-03-15 15:24:27','VM-2','MFC','140401001','R122158','1','1017-2.0','TRAY_25',1,'2019-03-15 15:24:39','ProductOK',NULL,'GetTools'),(22417,'2019-03-15 15:32:23','VM-2','MFC','140401001','28IC081270','1','1015-3.0','TRAY_28',1,'2019-03-15 15:32:35','ProductOK',NULL,'GetTools'),(22418,'2019-03-15 18:11:16','VM-2','MFC','140401001','B0112030304023','1','1015-2.0','TRAY_13',1,'2019-03-15 18:11:27','ProductOK',NULL,'GetTools'),(22419,'2019-03-15 18:52:07','VM-2','MFC','140401001','28IC081262','1','1015-4.0','TRAY_11',0,'2019-03-15 18:52:19','ProductFail',NULL,'GetTools'),(22420,'2019-03-15 18:52:26','VM-2','MFC','140401001','28IC081262','1','1015-4.0','TRAY_11',1,'2019-03-15 18:52:37','ProductOK',NULL,'GetTools'),(22421,'2019-03-16 01:02:59','VM-2','MFC','130102001','28IA0900203','2','LDS060','TRAY_23',1,'2019-03-16 01:03:12','ProductOK',NULL,'GetTools'),(22422,'2019-03-16 01:10:12','VM-2','MFC','140401001','THANPIN','1','WAE303060','TRAY_32',0,'2019-03-16 01:10:23','ProductFail',NULL,'GetTools'),(22423,'2019-03-16 01:10:32','VM-2','MFC','140401001','THANPIN','1','WAE303060','TRAY_32',1,'2019-03-16 01:10:44','ProductOK',NULL,'GetTools'),(22424,'2019-03-16 01:44:19','VM-2','MFC','140401001','THANHOP','1','WAE303040','TRAY_35',1,'2019-03-16 01:44:31','ProductOK',NULL,'GetTools'),(22425,'2019-03-16 01:45:03','VM-2','MFC','140401001','THANHOP','1','WAE303060','TRAY_32',1,'2019-03-16 01:45:14','ProductOK',NULL,'GetTools'),(22426,'2019-03-16 04:11:57','VM-2','MFC','140401001','CNCHNIC1501308','1','WAE303160','TRAY_60',0,'2019-03-16 04:12:09','ProductFail',NULL,'GetTools'),(22427,'2019-03-16 04:12:55','VM-2','MFC','140401001','CNCHNIC1501308','1','WAE303160','TRAY_60',1,'2019-03-16 04:13:07','ProductOK',NULL,'GetTools'),(22428,'2019-03-16 04:42:24','VM-2','MFC','140401001','CNCHNIC1501308','1','WAE303060','TRAY_32',1,'2019-03-16 04:42:36','ProductOK',NULL,'GetTools'),(22429,'2019-03-16 04:43:12','VM-2','MFC','140401001','CNCHNIC1501308','1','LDS030','TRAY_21',1,'2019-03-16 04:43:23','ProductOK',NULL,'GetTools'),(22430,'2019-03-13 03:08:31','VM-3','MFC','MFCSUBACC','','','16ERM2.50-ISO-IC908','TRAY_01',5,'2019-03-13 03:08:31','Complete',NULL,'PutIns'),(22431,'2019-03-13 03:09:58','VM-3','MFC','MFCSUBACC','','','16ERM1.50-ISO-IC908','TRAY_11',5,'2019-03-13 03:09:58','Complete',NULL,'PutIns'),(22432,'2019-03-13 03:11:10','VM-3','MFC','MFCSUBACC','','','16ER150ISO-TF-PR1115','TRAY_12',5,'2019-03-13 03:11:10','Complete',NULL,'PutIns'),(22433,'2019-03-13 03:12:00','VM-3','MFC','MFCSUBACC','','','16ERM2.0-ISO-IC908','TRAY_13',5,'2019-03-13 03:12:00','Complete',NULL,'PutIns'),(22434,'2019-03-13 03:12:29','VM-3','MFC','MFCSUBACC','','','16ERM1.0-ISO-IC908','TRAY_14',5,'2019-03-13 03:12:29','Complete',NULL,'PutIns'),(22435,'2019-03-13 03:13:03','VM-3','MFC','MFCSUBACC','','','VNMG160404HQ-CA515','TRAY_15',5,'2019-03-13 03:13:03','Complete',NULL,'PutIns'),(22436,'2019-03-13 03:13:31','VM-3','MFC','MFCSUBACC','','','DNMG150404MS-PR1310','TRAY_16',5,'2019-03-13 03:13:31','Complete',NULL,'PutIns'),(22437,'2019-03-13 03:13:53','VM-3','MFC','MFCSUBACC','','','16ER0.80-ISO-IC908','TRAY_17',5,'2019-03-13 03:13:53','Complete',NULL,'PutIns'),(22438,'2019-03-13 03:14:31','VM-3','MFC','MFCSUBACC','','','WNMG080408PG-PR1535','TRAY_18',5,'2019-03-13 03:14:31','Complete',NULL,'PutIns'),(22439,'2019-03-13 04:09:45','VM-3','MFC','MFCSUBACC','','','ZE704080','TRAY_21',5,'2019-03-13 04:09:45','Complete',NULL,'PutIns'),(22440,'2019-03-13 04:10:16','VM-3','MFC','MFCSUBACC','','','GDM2020N-020PH-PR1535','TRAY_22',5,'2019-03-13 04:10:16','Complete',NULL,'PutIns'),(22441,'2019-03-13 04:10:43','VM-3','MFC','MFCSUBACC','','','DCGT11T302MFP-GQ','TRAY_23',5,'2019-03-13 04:10:43','Complete',NULL,'PutIns'),(22442,'2019-03-13 04:11:06','VM-3','MFC','MFCSUBACC','','','TCMT090202HQ-PV7025','TRAY_24',5,'2019-03-13 04:11:06','Complete',NULL,'PutIns'),(22443,'2019-03-13 04:15:47','VM-3','MFC','MFCSUBACC','','','CPMH090308-PR1425','TRAY_27',5,'2019-03-13 04:15:47','Complete',NULL,'PutIns'),(22444,'2019-03-13 04:16:10','VM-3','MFC','MFCSUBACC','','','GDM3020N-030PH-PR1535','TRAY_28',5,'2019-03-13 04:16:10','Complete',NULL,'PutIns'),(22445,'2019-03-13 04:16:37','VM-3','MFC','MFCSUBACC','','','16ERM1.75-ISO-IC908','TRAY_29',5,'2019-03-13 04:16:37','Complete',NULL,'PutIns'),(22446,'2019-03-13 04:18:17','VM-3','MFC','MFCSUBACC','','','ZE704020','TRAY_37',5,'2019-03-13 04:18:17','Complete',NULL,'PutIns'),(22447,'2019-03-13 04:18:48','VM-3','MFC','MFCSUBACC','','','ZE704120','TRAY_31',5,'2019-03-13 04:18:48','Complete',NULL,'PutIns'),(22448,'2019-03-13 04:19:05','VM-3','MFC','MFCSUBACC','','','ZE704100','TRAY_32',5,'2019-03-13 04:19:05','Complete',NULL,'PutIns'),(22449,'2019-03-13 04:19:33','VM-3','MFC','MFCSUBACC','','','ZE704060','TRAY_33',5,'2019-03-13 04:19:33','Complete',NULL,'PutIns'),(22450,'2019-03-13 04:20:23','VM-3','MFC','MFCSUBACC','','','ZE704025','TRAY_35',5,'2019-03-13 04:20:23','Complete',NULL,'PutIns'),(22451,'2019-03-13 04:20:44','VM-3','MFC','MFCSUBACC','','','ZE704040','TRAY_36',5,'2019-03-13 04:20:44','Complete',NULL,'PutIns'),(22452,'2019-03-13 04:21:04','VM-3','MFC','MFCSUBACC','','','ZE704010','TRAY_38',5,'2019-03-13 04:21:04','Complete',NULL,'PutIns'),(22453,'2019-03-13 04:21:38','VM-3','MFC','MFCSUBACC','','','ZE704015','TRAY_39',5,'2019-03-13 04:21:38','Complete',NULL,'PutIns'),(22454,'2019-03-13 04:21:57','VM-3','MFC','MFCSUBACC','','','WAE303160','TRAY_40',5,'2019-03-13 04:21:57','Complete',NULL,'PutIns'),(22455,'2019-03-13 04:22:14','VM-3','MFC','MFCSUBACC','','','TX304025','TRAY_41',5,'2019-03-13 04:22:14','Complete',NULL,'PutIns'),(22456,'2019-03-13 04:31:18','VM-3','MFC','MFCSUBACC','','','WAE303040','TRAY_42',5,'2019-03-13 04:31:18','Complete',NULL,'PutIns'),(22457,'2019-03-13 04:31:53','VM-3','MFC','MFCSUBACC','','','WAE303080','TRAY_43',5,'2019-03-13 04:31:53','Complete',NULL,'PutIns'),(22458,'2019-03-13 04:32:19','VM-3','MFC','MFCSUBACC','','','WAE303025','TRAY_44',5,'2019-03-13 04:32:19','Complete',NULL,'PutIns'),(22459,'2019-03-13 04:32:39','VM-3','MFC','MFCSUBACC','','','WAE303030','TRAY_45',5,'2019-03-13 04:32:39','Complete',NULL,'PutIns'),(22460,'2019-03-13 04:32:53','VM-3','MFC','MFCSUBACC','','','WAE303020','TRAY_46',5,'2019-03-13 04:32:53','Complete',NULL,'PutIns'),(22461,'2019-03-13 04:33:12','VM-3','MFC','MFCSUBACC','','','WAE303010','TRAY_47',5,'2019-03-13 04:33:12','Complete',NULL,'PutIns'),(22462,'2019-03-13 04:33:28','VM-3','MFC','MFCSUBACC','','','WAE303015','TRAY_48',5,'2019-03-13 04:33:28','Complete',NULL,'PutIns'),(22463,'2019-03-13 04:33:42','VM-3','MFC','MFCSUBACC','','','WAE303100','TRAY_49',5,'2019-03-13 04:33:42','Complete',NULL,'PutIns'),(22464,'2019-03-13 04:34:06','VM-3','MFC','MFCSUBACC','','','WAE303120','TRAY_50',5,'2019-03-13 04:34:06','Complete',NULL,'PutIns'),(22465,'2019-03-13 04:34:25','VM-3','MFC','MFCSUBACC','','','TX304010','TRAY_51',5,'2019-03-13 04:34:25','Complete',NULL,'PutIns'),(22466,'2019-03-13 04:34:45','VM-3','MFC','MFCSUBACC','','','TX304015','TRAY_52',5,'2019-03-13 04:34:45','Complete',NULL,'PutIns'),(22467,'2019-03-13 04:35:01','VM-3','MFC','MFCSUBACC','','','TX304020','TRAY_53',5,'2019-03-13 04:35:01','Complete',NULL,'PutIns'),(22468,'2019-03-13 04:35:29','VM-3','MFC','MFCSUBACC','','','TX304030','TRAY_54',5,'2019-03-13 04:35:29','Complete',NULL,'PutIns'),(22469,'2019-03-13 04:35:45','VM-3','MFC','MFCSUBACC','','','TX304040','TRAY_55',5,'2019-03-13 04:35:45','Complete',NULL,'PutIns'),(22470,'2019-03-13 04:36:04','VM-3','MFC','MFCSUBACC','','','TX304060','TRAY_56',5,'2019-03-13 04:36:04','Complete',NULL,'PutIns'),(22471,'2019-03-13 04:36:20','VM-3','MFC','MFCSUBACC','','','TX304080','TRAY_57',5,'2019-03-13 04:36:20','Complete',NULL,'PutIns'),(22472,'2019-03-13 04:36:34','VM-3','MFC','MFCSUBACC','','','TX304100','TRAY_58',5,'2019-03-13 04:36:34','Complete',NULL,'PutIns'),(22473,'2019-03-13 04:36:55','VM-3','MFC','MFCSUBACC','','','TX304120','TRAY_59',5,'2019-03-13 04:36:55','Complete',NULL,'PutIns'),(22474,'2019-03-13 04:37:11','VM-3','MFC','MFCSUBACC','','','TX304160','TRAY_60',5,'2019-03-13 04:37:11','Complete',NULL,'PutIns'),(22475,'2019-03-13 11:03:37','VM-3','MFC','130102001','27','4','TX304010','TRAY_51',0,'2019-03-13 11:03:49','ProductFail',NULL,'GetTools'),(22476,'2019-03-13 11:03:55','VM-3','MFC','130102001','27','4','TX304010','TRAY_51',1,'2019-03-13 11:04:06','ProductOK',NULL,'GetTools'),(22477,'2019-03-13 11:06:25','VM-3','MFC','120301001','34','3','DCGT11T302MFP-GQ','TRAY_23',0,'2019-03-13 11:06:36','ProductFail',NULL,'GetTools'),(22478,'2019-03-13 11:06:48','VM-3','MFC','120301001','34','3','DCGT11T302MFP-GQ','TRAY_23',1,'2019-03-13 11:07:00','ProductOK',NULL,'GetTools'),(22479,'2019-03-13 15:59:07','VM-3','MFC','140401001','32','2','TX304020','TRAY_53',0,'2019-03-13 15:59:20','ProductFail',NULL,'GetTools'),(22480,'2019-03-13 15:59:30','VM-3','MFC','140401001','32','2','TX304020','TRAY_53',1,'2019-03-13 15:59:42','ProductOK',NULL,'GetTools'),(22481,'2019-03-13 16:00:01','VM-3','MFC','140401001','32','2','TX304060','TRAY_56',0,'2019-03-13 16:00:12','ProductFail',NULL,'GetTools'),(22482,'2019-03-13 16:00:18','VM-3','MFC','140401001','32','2','TX304060','TRAY_56',1,'2019-03-13 16:00:29','ProductOK',NULL,'GetTools'),(22483,'2019-03-13 16:01:27','VM-3','MFC','140401001','32','2','TX304020','TRAY_53',1,'2019-03-13 16:01:39','ProductOK',NULL,'GetTools'),(22484,'2019-03-13 16:02:05','VM-3','MFC','140401001','32','2','TX304020','TRAY_53',1,'2019-03-13 16:02:17','ProductOK',NULL,'GetTools'),(22485,'2019-03-13 16:02:30','VM-3','MFC','140401001','32','2','TX304020','TRAY_53',1,'2019-03-13 16:02:42','ProductOK',NULL,'GetTools'),(22486,'2019-03-13 16:09:02','VM-3','MFC','130102001','28IC0801267','15','TX304025','TRAY_41',0,'2019-03-13 16:09:14','ProductFail',NULL,'GetTools'),(22487,'2019-03-13 16:09:19','VM-3','MFC','130102001','28IC0801267','15','TX304025','TRAY_41',1,'2019-03-13 16:09:31','ProductOK',NULL,'GetTools'),(22488,'2019-03-13 18:40:05','VM-3','MFC','140401001','32','TX304020','TX304020','TRAY_53',1,'2019-03-13 18:40:17','ProductOK',NULL,'GetTools'),(22489,'2019-03-13 20:26:39','VM-3','MFC','140401001','TX304120','TX304120','TX304120','TRAY_59',0,'2019-03-13 20:26:50','ProductFail',NULL,'GetTools'),(22490,'2019-03-14 04:52:49','VM-3','MFC','140401001','52IC13 01303','2','TX304120','TRAY_59',0,'2019-03-14 04:53:00','ProductFail',NULL,'GetTools'),(22491,'2019-03-14 04:53:04','VM-3','MFC','140401001','52IC13 01303','2','TX304120','TRAY_59',1,'2019-03-14 04:53:16','ProductOK',NULL,'GetTools'),(22492,'2019-03-14 04:53:47','VM-3','MFC','140401001','43','1','WAE303120','TRAY_50',1,'2019-03-14 04:53:58','ProductOK',NULL,'GetTools'),(22493,'2019-03-14 04:54:12','VM-3','MFC','140401001','12','2','WAE303100','TRAY_49',1,'2019-03-14 04:54:24','ProductOK',NULL,'GetTools'),(22494,'2019-03-14 04:54:41','VM-3','MFC','140401001','34','1','WAE303100','TRAY_49',1,'2019-03-14 04:54:53','ProductOK',NULL,'GetTools'),(22495,'2019-03-14 04:57:34','VM-3','MFC','MFCSUBACC','','','WAE303100','TRAY_49',5,'2019-03-14 04:57:34','Complete',NULL,'PutIns'),(22496,'2019-03-14 04:58:03','VM-3','MFC','MFCSUBACC','','','WAE303120','TRAY_50',5,'2019-03-14 04:58:03','Complete',NULL,'PutIns'),(22497,'2019-03-14 04:58:38','VM-3','MFC','MFCSUBACC','','','TX304020','TRAY_53',5,'2019-03-14 04:58:38','Complete',NULL,'PutIns'),(22498,'2019-03-14 05:53:11','VM-3','MFC','MFCSUBACC','','','ZE704030','TRAY_34',5,'2019-03-14 05:53:11','Complete',NULL,'PutIns'),(22499,'2019-03-14 05:53:40','VM-3','MFC','MFCSUBACC','','','11IRA55IC908','TRAY_25',4,'2019-03-14 05:53:40','Complete',NULL,'PutIns'),(22500,'2019-03-14 09:33:27','VM-3','MFC','120301001','15','15','VNMG160404HQ-CA515','TRAY_15',0,'2019-03-14 09:33:39','ProductFail',NULL,'GetTools'),(22501,'2019-03-14 10:56:14','VM-3','MFC','MFCSUBACC','','','BLMP0603R-ML-TT9080','TRAY_06',10,'2019-03-14 10:56:14','Complete',NULL,'PutIns'),(22502,'2019-03-14 10:56:47','VM-3','MFC','MFCSUBACC','','','JDMT070208R-JP4020','TRAY_09',10,'2019-03-14 10:56:47','Complete',NULL,'PutIns'),(22503,'2019-03-14 10:57:25','VM-3','MFC','MFCSUBACC','','','TPGH110304LPR1425','TRAY_03',5,'2019-03-14 10:57:25','Complete',NULL,'PutIns'),(22504,'2019-03-14 14:58:40','VM-3','MFC','140401001','28IC1700565','2','TX304020','TRAY_53',0,'2019-03-14 14:58:52','ProductFail',NULL,'GetTools'),(22505,'2019-03-14 14:58:57','VM-3','MFC','140401001','28IC1700565','2','TX304020','TRAY_53',1,'2019-03-14 14:59:08','ProductOK',NULL,'GetTools'),(22506,'2019-03-14 14:59:26','VM-3','MFC','140401001','28IC1700565','2','TX304020','TRAY_53',1,'2019-03-14 14:59:38','ProductOK',NULL,'GetTools'),(22507,'2019-03-14 15:12:51','VM-3','MFC','130102001','28IC0801258','1','TX304030','TRAY_54',0,'2019-03-14 15:13:03','ProductFail',NULL,'GetTools'),(22508,'2019-03-14 15:13:09','VM-3','MFC','130102001','28IC0801258','1','TX304030','TRAY_54',1,'2019-03-14 15:13:21','ProductOK',NULL,'GetTools'),(22509,'2019-03-14 15:14:23','VM-3','MFC','130102001','28IC0801258','1','WAE303120','TRAY_50',1,'2019-03-14 15:14:34','ProductOK',NULL,'GetTools'),(22510,'2019-03-15 07:11:00','VM-3','MFC','MFCSUBACC','','','APMT1135PDER-H2','TRAY_08',5,'2019-03-15 07:11:00','Complete',NULL,'PutIns'),(22511,'2019-03-15 07:11:22','VM-3','MFC','MFCSUBACC','','','TCEX100304E-AROM4025','TRAY_07',5,'2019-03-15 07:11:22','Complete',NULL,'PutIns'),(22512,'2019-03-15 07:11:50','VM-3','MFC','MFCSUBACC','','','VNGA160404S02025-PT600M','TRAY_04',5,'2019-03-15 07:11:50','Complete',NULL,'PutIns'),(22513,'2019-03-15 07:12:10','VM-3','MFC','MFCSUBACC','','','VNMG160402PP-PV720','TRAY_05',5,'2019-03-15 07:12:10','Complete',NULL,'PutIns'),(22514,'2019-03-15 07:12:38','VM-3','MFC','MFCSUBACC','','','EZBR040035ST-015F-PR1225','TRAY_02',10,'2019-03-15 07:12:38','Complete',NULL,'PutIns'),(22515,'2019-03-15 07:13:24','VM-3','MFC','MFCSUBACC','','','16ERM3.00-ISO-IC908','TRAY_19',5,'2019-03-15 07:13:24','Complete',NULL,'PutIns'),(22516,'2019-03-15 07:13:46','VM-3','MFC','MFCSUBACC','','','16ERM1.25-ISO-908','TRAY_20',5,'2019-03-15 07:13:46','Complete',NULL,'PutIns'),(22517,'2019-03-15 07:14:06','VM-3','MFC','MFCSUBACC','','','TKF12L100-S-PR1425','TRAY_26',5,'2019-03-15 07:14:06','Complete',NULL,'PutIns'),(22518,'2019-03-15 07:14:29','VM-3','MFC','MFCSUBACC','','','TNGG16040L-C-TN620','TRAY_30',5,'2019-03-15 07:14:29','Complete',NULL,'PutIns'),(22519,'2019-03-15 09:45:07','VM-3','MFC','130102001','28IC0801268','1','WAE303080','TRAY_43',0,'2019-03-15 09:45:19','ProductFail',NULL,'GetTools'),(22520,'2019-03-15 09:45:25','VM-3','MFC','130102001','28IC0801268','1','WAE303080','TRAY_43',1,'2019-03-15 09:45:37','ProductOK',NULL,'GetTools'),(22521,'2019-03-15 10:44:11','VM-3','MFC','130102001','28IB2201014','1','TX304020','TRAY_53',1,'2019-03-15 10:44:22','ProductOK',NULL,'GetTools'),(22522,'2019-03-15 16:02:12','VM-3','MFC','130102001','28IC0801239','1','TX304060','TRAY_56',1,'2019-03-15 16:02:23','ProductOK',NULL,'GetTools'),(22523,'2019-03-15 16:36:30','VM-3','MFC','140401001','43','1','BLMP0603R-ML-TT9080','TRAY_06',1,'2019-03-15 16:36:42','ProductOK',NULL,'GetTools'),(22524,'2019-03-15 16:36:58','VM-3','MFC','140401001','43','1','BLMP0603R-ML-TT9080','TRAY_06',1,'2019-03-15 16:37:10','ProductOK',NULL,'GetTools'),(22525,'2019-03-15 16:41:06','VM-3','MFC','140401001','15','1','BLMP0603R-ML-TT9080','TRAY_06',1,'2019-03-15 16:41:17','ProductOK',NULL,'GetTools'),(22526,'2019-03-15 16:41:39','VM-3','MFC','140401001','15','1','BLMP0603R-ML-TT9080','TRAY_06',1,'2019-03-15 16:41:51','ProductOK',NULL,'GetTools'),(22527,'2019-03-16 03:47:07','VM-3','MFC','130102001','359IC0801020','2','TX304010','TRAY_51',1,'2019-03-16 03:47:19','ProductOK',NULL,'GetTools');
/*!40000 ALTER TABLE `WorkingTransaction` ENABLE KEYS */;
UNLOCK TABLES;

--
-- Table structure for table `import_log`
--

DROP TABLE IF EXISTS `import_log`;
/*!40101 SET @saved_cs_client     = @@character_set_client */;
 SET character_set_client = utf8mb4 ;
CREATE TABLE `import_log` (
  `id` int(11) NOT NULL AUTO_INCREMENT,
  `action` varchar(45) DEFAULT NULL,
  `username` varchar(100) DEFAULT NULL,
  `create_time` datetime DEFAULT NULL,
  `result` varchar(45) DEFAULT NULL,
  `file_name` varchar(100) DEFAULT NULL,
  `log_message` varchar(255) DEFAULT NULL,
  `byte_content` longblob,
  PRIMARY KEY (`id`)
) ENGINE=InnoDB AUTO_INCREMENT=2 DEFAULT CHARSET=latin1 COMMENT='log import excell';
/*!40101 SET character_set_client = @saved_cs_client */;

--
-- Dumping data for table `import_log`
--

LOCK TABLES `import_log` WRITE;
/*!40000 ALTER TABLE `import_log` DISABLE KEYS */;
INSERT INTO `import_log` VALUES (1,'INSERT','admin','2018-10-04 13:01:17','SUCCESS','ImportList.xlsx',NULL,_binary 'PK\0\0\0\0\0!\0|ll\0\0\0\0\0[Content_Types].xml (\0\0\0\0\0\0\0\0\0\0\0\0\0\0\0\0\0\0\0\0\0\0\0\0\0\0\0\0\0\0\0\0\0\0\0\0\0\0\0\0\0\0\0\0\0\0\0\0\0\0\0\0\0\0\0\0\0\0\0\0\0\0\0\0\0\0\0\0\0\0\0\0\0\0\0\0\0\0\0\0\0\0\0\0\0\0\0\0\0\0\0\0\0\0\0\0\0\0\0\0\0\0\0\0\0\0\0\0\0\0\0\0\0\0\0\0\0\0\0\0\0\0\0\0\0\0\0\0\0\0\0\0\0\0\0\0\0\0\0\0\0\0\0\0\0\0\0\0\0\0\0\0\0\0\0\0\0\0\0\0\0\0\0\0\0\0\0\0\0\0\0\0\0\0\0\0\0\0\0\0\0\0\0\0\0\0\0\0\0\0\0\0\0\0\0\0\0\0\0\0\0\0\0\0\0\0\0\0\0\0\0\0\0\0\0\0\0\0\0\0\0\0\0\0\0\0\0\0\0\0\0\0\0\0\0\0\0\0\0\0\0\0\0\0\0\0\0\0\0\0\0\0\0\0\0\0\0\0\0\0\0\0\0\0\0\0\0\0\0\0\0\0\0\0\0\0\0\0\0\0\0\0\0\0\0\0\0\0\0\0\0\0\0\0\0\0\0\0\0\0\0\0\0\0\0\0\0\0\0\0\0\0\0\0\0\0\0\0\0\0\0\0\0\0\0\0\0\0\0\0\0\0\0\0\0\0\0\0\0\0\0\0\0\0\0\0\0\0\0\0\0\0\0\0\0\0\0\0\0\0\0\0\0\0\0\0\0\0\0\0\0\0\0\0\0\0\0\0\0\0\0\0\0\0\0\0\0\0\0\0\0\0\0\0\0\0\0\0\0\0\0\0\0\0\0\0\0\0\0\0\0\0\0\0\0\0\0\0\0\0\0\0\0\0\0\0\0\0\0\0\0\0\0\0\0\0\0\0\0\0\0\0\0\0\0\0\0\0\0\0\0\0\0\0\0\0\0\0\0\0\0\0\0\0\0\0\0\0\0\0\0\0\0\0\0\0\0\0\0\0\0\0\0\0\0\0\0\0\0\0\0\0\0\0\0\0\0\0\0\0\0\0\0\0\0\0\0\0\0\0\0\0\0̔]K\0\Cɭ4\&Ⱥ]q\\\\Z&!\'ۿ4@nz\\\}4\pjL\قye`K\m߲J\Zg`k@6]^kQł\1;!ȝK3\Zf\\r.g ލ(`c[\r6\Z>@%&f+!	`e\֫`\{KT,\o8u\Z\+\`ӡ\`\B[l\"C|\ra.\ߝ\\"t	ʕv \\01<\\bi\]_>cO8#\\"=$I\\`\\3v#z̹\kg}\\$8(N߅]dݹ\'!Q\>4.\ޑ\\t\oڼS:E\\\\'\0\0\0\0PK\0\0\0\0\0!\0U0#\0\0\0L\0\0\0_rels/.rels (\0\0\0\0\0\0\0\0\0\0\0\0\0\0\0\0\0\0\0\0\0\0\0\0\0\0\0\0\0\0\0\0\0\0\0\0\0\0\0\0\0\0\0\0\0\0\0\0\0\0\0\0\0\0\0\0\0\0\0\0\0\0\0\0\0\0\0\0\0\0\0\0\0\0\0\0\0\0\0\0\0\0\0\0\0\0\0\0\0\0\0\0\0\0\0\0\0\0\0\0\0\0\0\0\0\0\0\0\0\0\0\0\0\0\0\0\0\0\0\0\0\0\0\0\0\0\0\0\0\0\0\0\0\0\0\0\0\0\0\0\0\0\0\0\0\0\0\0\0\0\0\0\0\0\0\0\0\0\0\0\0\0\0\0\0\0\0\0\0\0\0\0\0\0\0\0\0\0\0\0\0\0\0\0\0\0\0\0\0\0\0\0\0\0\0\0\0\0\0\0\0\0\0\0\0\0\0\0\0\0\0\0\0\0\0\0\0\0\0\0\0\0\0\0\0\0\0\0\0\0\0\0\0\0\0\0\0\0\0\0\0\0\0\0\0\0\0\0\0\0\0\0\0\0\0\0\0\0\0\0\0\0\0\0\0\0\0\0\0\0\0\0\0\0\0\0\0\0\0\0\0\0\0\0\0\0\0\0\0\0\0\0\0\0\0\0\0\0\0\0\0\0\0\0\0\0\0\0\0\0\0\0\0\0\0\0\0\0\0\0\0\0\0\0\0\0\0\0\0\0\0\0\0\0\0\0\0\0\0\0\0\0\0\0\0\0\0\0\0\0\0\0\0\0\0\0\0\0\0\0\0\0\0\0\0\0\0\0\0\0\0\0\0\0\0\0\0\0\0\0\0\0\0\0\0\0\0\0\0\0\0\0\0\0\0\0\0\0\0\0\0\0\0\0\0\0\0\0\0\0\0\0\0\0\0\0\0\0\0\0\0\0\0\0\0\0\0\0\0\0\0\0\0\0\0\0\0\0\0\0\0\0\0\0\0\0\0\0\0\0\0\0\0\0\0\0\0\0\0\0\0\0\0\0\0\0\0\0\0\0\0\0\0\0\0\0\0\0\0\0\0\0\0\0\0\0\0\0\0\0\0\0\0\0\0\0\0\0\0\0\0\0\0\0\0\0\0\0\0\0\0\0\0\N\0\\HC\\nHLH!T$\$@Jc\\\\?[\\\iTb/Nú(A3b{\jxVb\"gi\\ZaW\\l_xb\\Z#b4O\r0Q\ahѓeܔ\=P-<\j{><4Mox/\}bN@;\v\Cf\ۨB\I\\\"c&\\\O8q\"K\H\<ߊs@\\.h\<⧄\Mda\T_\0\0\0\0PK\0\0\0\0\0!\0\	(\0\0\\0\0\Z\0xl/_rels/workbook.xml.rels (\0\0\0\0\0\0\0\0\0\0\0\0\0\0\0\0\0\0\0\0\0\0\0\0\0\0\0\0\0\0\0\0\0\0\0\0\0\0\0\0\0\0\0\0\0\0\0\0\0\0\0\0\0\0\0\0\0\0\0\0\0\0\0\0\0\0\0\0\0\0\0\0\0\0\0\0\0\0\0\0\0\0\0\0\0\0\0\0\0\0\0\0\0\0\0\0\0\0\0\0\0\0\0\0\0\0\0\0\0\0\0\0\0\0\0\0\0\0\0\0\0\0\0\0\0\0\0\0\0\0\0\0\0\0\0\0\0\0\0\0\0\0\0\0\0\0\0\0\0\0\0\0\0\0\0\0\0\0\0\0\0\0\0\0\0\0\0\0\0\0\0\0\0\0\0\0\0\0\0\0\0\0\0\0\0\0\0\0\0\0\0\0\0\0\0\0\0\0\0\0\0\0\0\0\0\0\0\0\0\0\0\0\0\0\0\0\0\0\0\0\0\0\0\0\0\0\0\0\0\0\0\0\0\0\0\0\0\0\0\0\0\0\0\0\0\0\0\0\0\0\0\0\0\0\0\0\0\j\0\\}qne:A[\0&Q\\\6\'o?C@\.$}?Ч\\\jU%)Z\(8>< ֶҝ`@Cq\NsD$%\襤\`)qm\.c\Z\uy\\r\<M2Հb)p6 N\knK|q\gX\o\d9\\ +Z$\\&\ \\7ɗ`\dK0\5a\\\;Bj\^yZ.~\n\O	/\c)\wڇ\b\0\0\0PK\0\0\0\0\0!\0\_\0\0q\0\0\0\0\0xl/workbook.xmlR]O\0}7?4}me\ l$F\z\\Zvi\]	ËO\\.FoN\Z\dS4B\mN?\\w%\s-2\ZrzG\\͢3ve̎ v9o\Q\\\Z\Z\F\؆{,\6r.\\\r\8F\r\?d	\7Ă\\wl-T9)\"m_y{%;$\	?\roR\t6A\%*W~\\\K\ފ\\KrZ.i\\\=\߅ɧF,\r\\c3\XܳG@&D\\_+KL\J$=\]1\Az|\|@\v+\\hU\i:a8\\0\0\0PK\0\0\0\0\0!\0bm\0\0\0\0\0\0\0xl/theme/theme1.xml\YOo\6\w tom\'uرM\niXS@\I}\\úa\0l+\t&[HJ\K\\ՇD\"|\\#uڃC\"$\q۫]z\>\8h{wK\n\c\xL\ޜH\\\\]ś*$A>\J%a\\<!1\MWT\݈U֪\f%\4P# {{2>ACM\\ʈ\J\&M;\4B\e	tY\>c~4$\n&\^\\\\\n\L1bma]\\u\t\(gZ\\[Wvr\2\\u{`\M,EF\,\\2\nQ%[N\JeD\r\>֗\f}{\\7\v\td\%|JYw2\ZO\ڡ~J=L8\-o\0|\(<4	ժX}.\0\@\'d}\.Fb\\0o\\C\\\ZҼMT\0z\S\\ώt\\\--g\.\\~\\?~\xY\\\'y92h!ы/\ɋ>\%mGEFD[\t3q%\'#q\Sgv	\\n\9feqwW@(^\wdbh	\a\\08g.J\rpC*Xx8r\bV\`|XƻcǵYU3J\ݐ8b\3+(\\\Q\\uK>Q\ELKM2#\'vi~\vlwu8+\zHH\J\:)\\r~L\\\E\\O*t@G1l\m~C*uG.R(:-ys^D\i7\QR\8,b?SQ*\q7C;\+\}\ݧ;4pDZ_^\'܉\M01UJS#\Z]\f\\lm\\ʒgD^\<	d\B\\[_W\\\\E)*\k\;Z\xO(c5g\4\rh܇A\:I~KBxԙ\\ YWQB@\^4@.\hKik<ʞ6b+\j\Ύ9#U`δuM\\֯DA\aV\B[͈f\-WY؜\\j0[:X	\~\\Z\;Q\ㅋt>\z/f\ʒ\"Z\x\\n\Z\p;\\+\e\{/eP;,.&\'\Q\k5\\Zq\&pT\(K\Lb}\rS\dL17	jpa\S!\\r\r3\05\'+Z\zQ\nTIIvt]K&⫢#\v5-|\#4b3q:TA1p\a*~\9mm3\\4銗bg\1KB[Y&[)H\ \V*Q\ Ua?SE\\'p>\\vX`3\qBU(	\\8\\W0\rAw\\ \9Kä5$\\rPe\D\)\j\\eI2b\!aC]zoPnIZ\d\i\\ͩd\ks\\|l2Rn6\rMf\\ļ=X\vY\EEĢͪgY\\n[A+M\\[XK\Z52\\\Z\`\%p\\7\!?ڊ\&aQ}\6HH;8\\\`Ҥi\\I[-۬/\\0\,>\\e\\\E\Z;ck;\\\ٓ)\nC\ cc?f\}p|61%M0*<\\ҭ\0\0\0\0PK\0\0\0\0\0!\0~\`\0\0t\0\0\0\0\0xl/worksheets/sheet2.xmlj\0qڭ\\ZA)\a0ƶ\(il\]۷2\7	Ir>\Zm\\Q\Xuƿ\|-Z\<_\w\\\7\07!t^5`K\nRW\9\0dZ\\'a|$$\VVAu0`\q\\@};?ьg\B\Э\ʙQɮ\d\\ާT{HF+NBw^ R6\mgι\\\rG/f\\/\ʌ\}\\^8VB%m\\\	t\%i\WH\\"\-G72Hvw\jm=k\Z9s#&(\τ,04S\\uGUaJz\0\0\0PK\0\0\0\0\0!\0~\`\0\0t\0\0\0\0\0xl/worksheets/sheet3.xmlj\0qڭ\\ZA)\a0ƶ\(il\]۷2\7	Ir>\Zm\\Q\Xuƿ\|-Z\<_\w\\\7\07!t^5`K\nRW\9\0dZ\\'a|$$\VVAu0`\q\\@};?ьg\B\Э\ʙQɮ\d\\ާT{HF+NBw^ R6\mgι\\\rG/f\\/\ʌ\}\\^8VB%m\\\	t\%i\WH\\"\-G72Hvw\jm=k\Z9s#&(\τ,04S\\uGUaJz\0\0\0PK\0\0\0\0\0!\0B\N\"\0\00\0\0\0\0\0xl/worksheets/sheet1.xml[o\\\\?z_͋.\\P\  \$\e#\nI\>\lTשio\t\\\_OEݔ\\a|V\\ա<?\Ͽl泦\/T]{\\}\_\ߪKR\*\\K\^\\fRfQ]}\X\缥\\es\}\`<\\en*\\>5\\Y=\S\R\Kym>>\\y\˾:_\Sy*\\|v\\|\\D8\\\>\r_WMulTni\ZE\\\vI\%)\\>\\˒x|\6菲xknޟ\?So\|h7T@%\%}[~-v\\Dc:\E\~κU\2\K~\\\P\S{|~ii턶A\\\\=+=\:Q	wv.<\6\\L\}y\EIT\"\]\\z>ۿ6muaT_\\\ZzH\AKD}	zۗ\E&\\rT4\\RnK,zђZ8ٟn볼\\\\mFO\5\\\\H\QUyic5I\ݷP\r\\\~q\)\&vH6!\rĒ\z\]\4]\IPӖ~|}6hmbDb:y\\\ú3\;a\N\MdH8zצ\r۽+>2\Pl\\\\qt\\ݽYlXSDxHq\\qtҽYlSDxH(>8ǭ\ku?5挝0\"\:i\\\ÜL5<Ns\\j[_\;ᓏ\5l\7\w\>8\W\;\İ\\I\ؠq5AJGu4\\;\`\:)nKՙA\LЀL\̒	u\\\Zt\\[/G̅2u9\,03U&0.\r:540+\nC4b\I;L`\\\Ztk01iiH\?#ygv~:\Ruk\ZC\'6\[~:.\r:5`b\\dh@&? \Ҡ\_\f~@5 3\d\n\Z0;c\\T!\Z\CfD,?r\|ٜ\Z&\I9b\\\\%IƥA\',	PǥA\\{:D5 pOu\\\Z&\tpOK̸x\\]\\\G&\\؞\\o\lO\'̋\9`\'\WPǥA,\IużlLv=r{+fL(㒠\\_N\\Qb\Zb\K>Y1[e3~\%\Z\d{ȠdV\VP\u:5\96/[CdP2+Pg\\\:hRLwm\YqKK<KѤ\h[Ú[Z`P\{Z\:I1x},{\cz\=-\qiЁ\\\u\=-0A\=-\qi\\z,l<-0A\=-\==)#bÜ\5x\ZI1aLo\\Rs\\rx\Z\4L\\3xF\\rx\ZI9an\Ƞd6\id\\\Z&\tF5 O#3.ey:\mg܆{Z`\I9cn5u:.\r:13.\|\rOj\pOu\\\Z&\t\\ \\\4L\\u;6\ \\\Kٞ\i\?K[42-x\ZI9cv\0L@F\j\\*t\n\\ndT\0FȥB\'\n\OBȨ\0K\D*+\FU 6B\ZIy\\v^[@[\\*&%vb\uIB5}51e\1)472+\SɆ\2KƤ\NL\\\\\`L{\C)n\;eB1)\FC}̖i}_FR\b+1Wa\r(\\dtky\J?X\u\\ﯧb־_\\\z*y[^\\\\\D_벪\\JX颦P[\l>=.^u\\rKn\ø\\\'\.I\?\\sJ[<~\枳xd?:\\{[ى&\\\'rNk|X5]њ\,s~./\\T\,\\\js}{\gi󞪖n~|BA;\@{r/\0\0\0PK\0\0\0\0\0!\0nj\\0\0\\0\0\0\0\0xl/sharedStrings.xml]s0\wfCH\WqG\Pk\t\;FiuV\\=VK\\INr`\\v>\,_I_8Y\u\W\Q6iq\\\y 7\ʪ(v?T5_\mw\]fۨٻ\8Z\8.U#\R\:Q\\"\\'E_Ѩ}\CҮ2\\\A\2\Š1M=\\\"[\\n.ET\z7!ftSw;b̈́Z\l\a=c\qV,\\sVP\0^\"6jM \6Є/mNfN^ְU\'*0\:2)\)O#qbl\bk]<fFq\\U\Z\wk`K,b>0J^@%	\'蜒	j\WR[3-j^U\,Bu\\\c}E\r\\6\0;>E߃ôpڵH}æ5G\5\0ׅA4\{|\:f\nXR\\j\S\"n\1\\Zxg\\<^v}6!]\g\\\\M\\+\\l\#S8\2\Va\\(K\\rV_\<\3W\\ap:\\gT@\']\\ӹc-g8eC<\dz\\'\U\f\ng\\0_\x\m(N\`*j\4>9\\5f\%%7\͖κF\4B<\~\`\0G\zgKxʃ5nA;Npu\.<\2\Yoe\򢃷8>pp>\r6f\\\V}e\(k/\4yp\\\W\lߍC\(\(\l~ˏI}s|\؝\\*M\1-9\ak\\T\y\\\t=4elt&rW\-\\u#9\\\!,\,uX7vH~\r` [C\\0\0\0\0PK\0\0\0\0\0!\0l\}O\0\0\0\0\r\0\0\0xl/styles.xml\X\k\0\0zO\\G\$51h{Ul\Շ\.\\[\A^l\|\\NwVx\̻\'JS)\"4<\nGD*3*}M\\\3)H6DP\r#7+BBGheL9}\HD\\*\rLU\\Ri+ę?\nSc*P0\\S@8VwU9H%/Kʨ\8,\tzU𒁩\\-<\4UR\\/䡕\R\R\&B\\0m5L\&	\pš\\c!\0L*πg0Gc]*j\r\)\\\%8g6|\\,ѷv\\\\\r\\z\Z\3\0k(coF\\r@C\#CH`\5\\M	NNb\\B\\pt\BXTo+c\\\␑܀w-Vmd	ϥ4:3)0\Jo+	a!mwWF6\[}/\l\\[/\X\{\Q{R\l\"\<%\\\wAg~{\	7WY\9\!a`\^\\\\NcV\r\YV\\e\6\\\\@f;\k\\1M\oLӓ\e\\h!87\O\0J\rAJlUn\M;a\2rw`\]\{\\G\mX\eE\\\Qٺw\)![\rU,#$y\0]Vi\\ܩ\Pk\N\Z$\/HxۮÉN\A_\?yCmJpȇ\\[.\Z\\\B둑W\\v#$8B\r\gz/\v|m!\\oR4B?.gg\e2\Z&\'\\d<-\$P\\5\\q\r\K\ej\E7\w5̆dm\\\\Z\'\0\0\0PK\0\0\0\0\0!\0\@\0\04\0\0\0docProps/app.xml (\0\0\0\0\0\0\0\0\0\0\0\0\0\0\0\0\0\0\0\0\0\0\0\0\0\0\0\0\0\0\0\0\0\0\0\0\0\0\0\0\0\0\0\0\0\0\0\0\0\0\0\0\0\0\0\0\0\0\0\0\0\0\0\0\0\0\0\0\0\0\0\0\0\0\0\0\0\0\0\0\0\0\0\0\0\0\0\0\0\0\0\0\0\0\0\0\0\0\0\0\0\0\0\0\0\0\0\0\0\0\0\0\0\0\0\0\0\0\0\0\0\0\0\0\0\0\0\0\0\0\0\0\0\0\0\0\0\0\0\0\0\0\0\0\0\0\0\0\0\0\0\0\0\0\0\0\0\0\0\0\0\0\0\0\0\0\0\0\0\0\0\0\0\0\0\0\0\0\0\0\0\0\0\0\0\0\0\0\0\0\0\0\0\0\0\0\0\0\0\0\0\0\0\0\0\0\0\0\0\0\0\0\0\0\0\0\0\0\0\0\0\0\0\0\0\0\0\0\0\0\0\0\0\0\0\0\0\0\0\0\0\0\0\0\0\0\0\0\0\0\0\0\0\0\0\0\0OO\0\\+\"ߩ\Vc#R3i,\\;Q~\'JS.\f\==<\\n\\n1\\"`c\¦\_\"C24>(\P\\\jb`\Q5)\ְ58a9RŴ5\m\\XU\\Mo[$gyS P7\bH\\\\2ڎ\j\Z\!>\l+\nwcQ1\\n\[r׹\Vp\2A\\@݃閶4.V--ZS\/m&\\5ə@\ن}sLX*Ɇaؗc\vz\85vkGO4>!{wYu|\1\;i/;\E1\^Y\Cp\\Pj\K:\ǁ\e\'߅\\\&l<x4|=\~4S\?\0\0\0\0PK\0\0\0\0\0!\0$T?\0\0]\0\0\0docProps/core.xml (\0\0\0\0\0\0\0\0\0\0\0\0\0\0\0\0\0\0\0\0\0\0\0\0\0\0\0\0\0\0\0\0\0\0\0\0\0\0\0\0\0\0\0\0\0\0\0\0\0\0\0\0\0\0\0\0\0\0\0\0\0\0\0\0\0\0\0\0\0\0\0\0\0\0\0\0\0\0\0\0\0\0\0\0\0\0\0\0\0\0\0\0\0\0\0\0\0\0\0\0\0\0\0\0\0\0\0\0\0\0\0\0\0\0\0\0\0\0\0\0\0\0\0\0\0\0\0\0\0\0\0\0\0\0\0\0\0\0\0\0\0\0\0\0\0\0\0\0\0\0\0\0\0\0\0\0\0\0\0\0\0\0\0\0\0\0\0\0\0\0\0\0\0\0\0\0\0\0\0\0\0\0\0\0\0\0\0\0\0\0\0\0\0\0\0\0\0\0\0\0\0\0\0\0\0\0\0\0\0\0\0\0\0\0\0\0\0\0\0\0\0\0\0\0\0\0\0\0\0\0\0\0\0\0\0\0\0\0\0\0\0\0\0\0\0\0\0\0\0\0\0\0\0\0\0\0\0_K\0\\C\{RCہʞN\Br\?$ݾi;ke>{\\s/)VG\F`]UHעQu^\8GL	\j%:C\\rm\\j\7\@RrSb\$sIp ̇aՀ4<\3\c3\)4\\01 AyIB׃\φA9e\O&\t;g>\\\u]\-!?o\\aոQ8r\k[AR9	\5 \N\R	!0t.\kTe)\c\\bKr\iF\pcA\xK\\r\n|!/\0\0\0\0PK-\0\0\0\0\0\0!\0|ll\0\0\0\0\0\0\0\0\0\0\0\0\0\0\0\0\0\0\0\0\0[Content_Types].xmlPK-\0\0\0\0\0\0!\0U0#\0\0\0L\0\0\0\0\0\0\0\0\0\0\0\0\0\0\0\0\0_rels/.relsPK-\0\0\0\0\0\0!\0\	(\0\0\\0\0\Z\0\0\0\0\0\0\0\0\0\0\0\0\0\\0\0xl/_rels/workbook.xml.relsPK-\0\0\0\0\0\0!\0\_\0\0q\0\0\0\0\0\0\0\0\0\0\0\0\0\0\0\r	\0\0xl/workbook.xmlPK-\0\0\0\0\0\0!\0bm\0\0\0\0\0\0\0\0\0\0\0\0\0\0\0\0\0\n\0\0xl/theme/theme1.xmlPK-\0\0\0\0\0\0!\0~\`\0\0t\0\0\0\0\0\0\0\0\0\0\0\0\0\0\0^\0\0xl/worksheets/sheet2.xmlPK-\0\0\0\0\0\0!\0~\`\0\0t\0\0\0\0\0\0\0\0\0\0\0\0\0\0\0\0\0xl/worksheets/sheet3.xmlPK-\0\0\0\0\0\0!\0B\N\"\0\00\0\0\0\0\0\0\0\0\0\0\0\0\0\0\0\0\0xl/worksheets/sheet1.xmlPK-\0\0\0\0\0\0!\0nj\\0\0\\0\0\0\0\0\0\0\0\0\0\0\0\0\0\0\\0\0xl/sharedStrings.xmlPK-\0\0\0\0\0\0!\0l\}O\0\0\0\0\r\0\0\0\0\0\0\0\0\0\0\0\0\0 \0\0xl/styles.xmlPK-\0\0\0\0\0\0!\0\@\0\04\0\0\0\0\0\0\0\0\0\0\0\0\0\0\0$\0\0docProps/app.xmlPK-\0\0\0\0\0\0!\0$T?\0\0]\0\0\0\0\0\0\0\0\0\0\0\0\0\0\0\&\0\0docProps/core.xmlPK\0\0\0\0\0\0\0\0F)\0\0\0\0');
/*!40000 ALTER TABLE `import_log` ENABLE KEYS */;
UNLOCK TABLES;

--
-- Table structure for table `test1`
--

DROP TABLE IF EXISTS `test1`;
/*!40101 SET @saved_cs_client     = @@character_set_client */;
 SET character_set_client = utf8mb4 ;
CREATE TABLE `test1` (
  `idtest1` int(11) NOT NULL,
  PRIMARY KEY (`idtest1`)
) ENGINE=InnoDB DEFAULT CHARSET=utf8;
/*!40101 SET character_set_client = @saved_cs_client */;

--
-- Dumping data for table `test1`
--

LOCK TABLES `test1` WRITE;
/*!40000 ALTER TABLE `test1` DISABLE KEYS */;
INSERT INTO `test1` VALUES (1),(2);
/*!40000 ALTER TABLE `test1` ENABLE KEYS */;
UNLOCK TABLES;

--
-- Dumping routines for database 'tqteamne_iTools'
--
/*!40103 SET TIME_ZONE=@OLD_TIME_ZONE */;

/*!40101 SET SQL_MODE=@OLD_SQL_MODE */;
/*!40014 SET FOREIGN_KEY_CHECKS=@OLD_FOREIGN_KEY_CHECKS */;
/*!40014 SET UNIQUE_CHECKS=@OLD_UNIQUE_CHECKS */;
/*!40101 SET CHARACTER_SET_CLIENT=@OLD_CHARACTER_SET_CLIENT */;
/*!40101 SET CHARACTER_SET_RESULTS=@OLD_CHARACTER_SET_RESULTS */;
/*!40101 SET COLLATION_CONNECTION=@OLD_COLLATION_CONNECTION */;
/*!40111 SET SQL_NOTES=@OLD_SQL_NOTES */;

-- Dump completed on 2019-03-16 15:52:36
