CREATE DATABASE  IF NOT EXISTS `tqteamne_iTools` /*!40100 DEFAULT CHARACTER SET utf8 */;
USE `tqteamne_iTools`;
-- MySQL dump 10.13  Distrib 5.6.23, for Win32 (x86)
--
-- Host: 112.213.89.47    Database: tqteamne_iTools
-- ------------------------------------------------------
-- Server version	5.5.31

--
-- Table structure for table `Assessor`
--

DROP TABLE IF EXISTS `Assessor`;
CREATE TABLE `Assessor` (
  `AssessorID` int(10) NOT NULL AUTO_INCREMENT,
  `UserName` varchar(100) DEFAULT NULL,
  `FingerID` varchar(100) DEFAULT NULL,
  `Password` varchar(255) DEFAULT NULL,
  `FirstName` varchar(255) DEFAULT NULL,
  `LastName` varchar(255) DEFAULT NULL,
  `EmailAddress` varchar(255) NOT NULL,
  `Address` varchar(255) DEFAULT NULL,
  `Phone` varchar(255) DEFAULT NULL,
  `CompanyCode` varchar(100) DEFAULT NULL,
  `IsLocked` int(10) NOT NULL DEFAULT '0',
  `IsActive` int(10) NOT NULL DEFAULT '1',
  `LastPassword` varchar(255) DEFAULT NULL,
  `IsFirstTimeLogin` tinyint(1) DEFAULT '0',
  `FailTimes` int(10) NOT NULL DEFAULT '0',
  `UpdatedDate` timestamp NOT NULL DEFAULT CURRENT_TIMESTAMP ON UPDATE CURRENT_TIMESTAMP,
  PRIMARY KEY (`AssessorID`),
  KEY `UserName` (`UserName`)
) ENGINE=InnoDB AUTO_INCREMENT=31 DEFAULT CHARSET=utf8;
/*!40101 SET character_set_client = @saved_cs_client */;

--
-- Dumping data for table `Assessor`
--

LOCK TABLES `Assessor` WRITE;
INSERT INTO `Assessor` VALUES (1,'admin',NULL,'e10adc3949ba59abbe56e057f20f883e','Trinh','Nguyen Duy','trinh.wft@gmail.com',NULL,'','Master Company',0,1,NULL,0,0,'2018-10-04 22:13:21'),(2,'acct',NULL,'e10adc3949ba59abbe56e057f20f883e','Trinh','Nguyen Duy','production@optiwell.vn',NULL,'','Master Company',0,1,NULL,0,0,'2019-01-10 06:30:08'),(3,'subadmin',NULL,'e10adc3949ba59abbe56e057f20f883e','Duoc','Nguyen Thanh','duoc.nguyenthanh@vinamoiltools.com.vn',NULL,'','VINAMOILTOOLS',0,1,NULL,0,0,'2018-11-30 08:43:45'),(4,'181102',NULL,'e10adc3949ba59abbe56e057f20f883e','Châu','Nguyễn Minh','chau.nguyenminh@vinamoiltools.com.vn',NULL,'0973 771 219','VINAMOILTOOLS',0,1,NULL,0,0,'2018-12-24 07:30:05'),(5,'181104',NULL,'202cb962ac59075b964b07152d234b70','Danh','Nguyễn Bá','danh.nguyenba@vinamoiltool.com.vn',NULL,'0986 992 783','VINAMOILTOOLS',0,1,NULL,0,0,'2018-12-24 07:30:51'),(6,'181108',NULL,'d5e682d1edd7aa6a89ec9a524c437873','Nguyen','Duoc','duoc.nguyenthanh@vinamoiltools.com.vn',NULL,'','VINAMOILTOOLS',0,1,NULL,0,0,'2019-01-10 08:44:08'),(7,'181105',NULL,'e10adc3949ba59abbe56e057f20f883e','Đạt','Nguyễn Đình','dat.Nguyendinh@vinamoiltools.com',NULL,'0973 799 516','VINAMOILTOOLS',0,1,NULL,0,0,'2018-12-01 01:22:39'),(8,'181107',NULL,'e10adc3949ba59abbe56e057f20f883e','Dũng','Phan Văn','dung.phanvan@vinamoiltools.com.vn',NULL,'0975 263 003','VINAMOILTOOLS',0,1,NULL,0,0,'2018-12-24 07:31:39'),(9,'181109',NULL,'e10adc3949ba59abbe56e057f20f883e','Hậu','Nguyễn Công','hau.Nguyencong@vinamoiltools.com',NULL,'0936 570 555','VINAMOILTOOLS',0,1,NULL,0,0,'2018-12-01 01:24:48'),(10,'181110',NULL,'e10adc3949ba59abbe56e057f20f883e','Hây','Nguyễn Văn','hay.nguyenvan@vinamoiltools.com.vn',NULL,'0909 668 362','VINAMOILTOOLS',0,1,NULL,0,0,'2018-12-24 07:32:18'),(11,'181111',NULL,'e10adc3949ba59abbe56e057f20f883e','Hòa','Nguyễn Ngọc','Hoa.Nguyenngoc@vinamoiltools.com',NULL,'0908 528 011','VINAMOILTOOLS',0,1,NULL,0,0,'2018-12-01 01:26:52'),(12,'181112',NULL,'e10adc3949ba59abbe56e057f20f883e','Lưu','Nguyễn Thanh','Luu.Nguyenthanh@vinamoiltools.com',NULL,'0902 976 420','VINAMOILTOOLS',0,1,NULL,0,0,'2018-12-01 01:27:55'),(13,'181113',NULL,'e10adc3949ba59abbe56e057f20f883e','Nhân','Nguyễn Trọng','Nhan.Nguyentrong@vinamoiltools.com',NULL,'0908 085 413','VINAMOILTOOLS',0,1,NULL,0,0,'2018-12-01 01:28:46'),(14,'181114',NULL,'e10adc3949ba59abbe56e057f20f883e','Nhựt','Lê Hồng','nhut.lehong@vinamoiltools.com.vn',NULL,'0974 665 447','VINAMOILTOOLS',0,1,NULL,0,0,'2018-12-26 01:38:09'),(15,'181115',NULL,'e10adc3949ba59abbe56e057f20f883e','Quan','Võ Duy','quan.voduy@vinamoiltools.com.vn',NULL,'0973 747 776','VINAMOILTOOLS',0,1,NULL,0,0,'2018-12-24 07:33:12'),(16,'181116',NULL,'e10adc3949ba59abbe56e057f20f883e','Tâm','Nguyễn Trần Quang','tam.nguyentranquang@vinamoiltools.com.vn',NULL,'0346 592 270','VINAMOILTOOLS',0,1,NULL,0,0,'2018-12-24 07:37:04'),(17,'181117',NULL,'e10adc3949ba59abbe56e057f20f883e','Thanh','Lê Tất','thanh.letat@vinamoiltools.com.vn',NULL,'0982 770 409','VINAMOILTOOLS',0,1,NULL,0,0,'2018-12-24 07:37:57'),(18,'181118',NULL,'e10adc3949ba59abbe56e057f20f883e','Thiện','Hồ Hữu','Thien.Hohuu@vinamoiltools.com',NULL,'0388 933 386','VINAMOILTOOLS',0,1,NULL,0,0,'2018-12-01 01:35:38'),(19,'181120',NULL,'e10adc3949ba59abbe56e057f20f883e','Trung','Đỗ Minh','Trung.Dominh@vinamoiltools.com',NULL,'0937 431 661','VINAMOILTOOLS',0,1,NULL,0,0,'2018-12-01 01:36:39'),(20,'181121',NULL,'e10adc3949ba59abbe56e057f20f883e','Tuấn','Bùi Văn','tuan.buivan@vinamoiltools.com.vn',NULL,'0934 757 456','VINAMOILTOOLS',0,1,NULL,0,0,'2018-12-24 07:38:58'),(21,'181122',NULL,'e10adc3949ba59abbe56e057f20f883e','Tuấn','Trần Quang','tuan.tranquang@vinamoiltools.com.vn',NULL,'0937 933 588','VINAMOILTOOLS',0,1,NULL,0,0,'2018-12-24 07:39:40'),(22,'181125',NULL,'e10adc3949ba59abbe56e057f20f883e','Tuấn','Hoàng Thanh','test@yahoo.com',NULL,'0937 552 859','VINAMOILTOOLS',0,1,NULL,0,0,'2018-12-01 01:39:36'),(23,'181126',NULL,'e10adc3949ba59abbe56e057f20f883e','Chân','Lê Hoàng','Chan.lehoang@vinamoiltools.com',NULL,'0908 085 770','VINAMOILTOOLS',0,1,NULL,0,0,'2019-01-05 23:52:38'),(24,'180102',NULL,'e10adc3949ba59abbe56e057f20f883e','Duoc','Nguyen Thanh','duoc.nguyenthanh@vinamoiltools.com.vn',NULL,'0908085041','VINAMOILTOOLS',0,1,NULL,0,0,'2019-01-10 02:17:46'),(25,'thuongacct',NULL,'e10adc3949ba59abbe56e057f20f883e','thuong','acct','ngngoctanthuong@gmail.com',NULL,'','VINAMOILTOOLS',0,1,NULL,0,0,'2019-01-14 20:09:50'),(26,'thuongsubadmin',NULL,'e10adc3949ba59abbe56e057f20f883e','thuong','subadmin','ngngoctanthuong@gmail.com',NULL,'','VINAMOILTOOLS',0,1,NULL,0,0,'2019-01-14 20:10:05'),(27,'mfcsubadmin',NULL,'5dc95177d8f49b8aa72feacbcf4cdab0','Huong','Nguyen Thi','sale02@cnctech.com.vn',NULL,NULL,'MFC',0,1,NULL,0,0,'2019-03-02 04:19:52'),(28,'mfcsubacc',NULL,'5dc95177d8f49b8aa72feacbcf4cdab0','Huong','Nguyen Thi','sale02@cnctech.com.vn',NULL,'','MFC',0,1,NULL,0,0,'2019-03-02 04:14:20'),(29,'111111',NULL,'e10adc3949ba59abbe56e057f20f883e','Triều','Phan Minh','trieu.phanminh@vinamoiltools.com.vn',NULL,'','MFC',0,1,NULL,0,0,'2019-02-21 01:26:15'),(30,'140401001',NULL,'e10adc3949ba59abbe56e057f20f883e','THANH','ĐỖ HOÀI','sale02@cnctech.com.vn','XUONG 1','','MFC',0,1,NULL,0,0,'2019-03-02 02:37:43');
UNLOCK TABLES;

--
-- Table structure for table `Company`
--

DROP TABLE IF EXISTS `Company`;
CREATE TABLE `Company` (
  `CompanyID` int(10) NOT NULL AUTO_INCREMENT,
  `CompanyCode` varchar(100) NOT NULL,
  `CompanyName` varchar(100) DEFAULT NULL,
  `CompanyType` varchar(100) DEFAULT NULL,
  `Address` varchar(100) DEFAULT NULL,
  `Location` varchar(100) DEFAULT NULL,
  `UpdatedDate` timestamp NOT NULL DEFAULT CURRENT_TIMESTAMP ON UPDATE CURRENT_TIMESTAMP,
  PRIMARY KEY (`CompanyID`),
  UNIQUE KEY `CompanyCode` (`CompanyCode`),
  KEY `Company_CompanyCode` (`CompanyCode`)
) ENGINE=InnoDB AUTO_INCREMENT=5 DEFAULT CHARSET=utf8;

--
-- Dumping data for table `Company`
--

LOCK TABLES `Company` WRITE;
INSERT INTO `Company` VALUES (1,'Optiwell','Optiwell',NULL,'Optiwell Addr','Optiwell Location','2018-10-04 05:59:54'),(2,'Master Company','Master Company',NULL,NULL,NULL,'2018-10-04 22:13:01'),(3,'VINAMOILTOOLS','Công ty cổ phần thiết bị dầu khí Việt Mỹ',NULL,'29 Dân Chủ, KCN VISIP 2, Bình Dương','VSIP2','2018-11-06 04:22:00'),(4,'MFC','MFC',NULL,'c.	Lô E, đường số 2, KCN Đồng An 1, phường Bình Hòa, huyện Thuận An, tỉnh Bình Dương','KCN DA1','2019-02-12 01:41:41');
UNLOCK TABLES;

--
-- Table structure for table `Machine`
--

DROP TABLE IF EXISTS `Machine`;
CREATE TABLE `Machine` (
  `MachineID` int(10) NOT NULL AUTO_INCREMENT,
  `MachineName` varchar(100) DEFAULT NULL,
  `MachineCode` varchar(100) NOT NULL,
  `Model` varchar(100) DEFAULT NULL,
  `Location` varchar(100) DEFAULT NULL,
  `Description` varchar(100) DEFAULT NULL,
  `CreatedDate` timestamp NULL DEFAULT NULL,
  `UpdatedDate` timestamp NOT NULL DEFAULT CURRENT_TIMESTAMP ON UPDATE CURRENT_TIMESTAMP,
  `IsActive` tinyint(1) NOT NULL,
  PRIMARY KEY (`MachineID`),
  UNIQUE KEY `MachineCode` (`MachineCode`),
  KEY `Machine_MachineCode` (`MachineCode`)
) ENGINE=InnoDB AUTO_INCREMENT=6 DEFAULT CHARSET=utf8;

--
-- Dumping data for table `Machine`
--

LOCK TABLES `Machine` WRITE;
INSERT INTO `Machine` VALUES (1,'MAC1','MAC1',NULL,'Location1',NULL,'2018-10-04 06:00:27','2019-01-07 18:38:31',1),(2,'MFC 2','VM-2','VM-R1','LÔ E, ĐƯỜNG SỐ 2, KCN ĐỒNG AN, PHƯỜNG BÌNH HOÀ, TX THUẬN AN, BÌNH DƯƠNG','Máy phát dao tự động. khách hàng MFC','2018-11-06 04:18:01','2019-03-02 04:23:19',1),(3,'MFC 3','VM-3','VM-R1','29 Dân Chủ, VSIP 2','Máy phát dao tự động. khách hàng MFC','2019-02-22 04:18:01','2019-02-22 04:18:01',1),(4,'Việt Mỹ 1','VM-1','VM-R1','29 Dân Chủ, VSIP 2','Máy phát dao tự động. khách hàng công ty cổ phần thiết bị dầu khí Việt Mỹ','2019-02-22 04:18:01','2019-02-22 04:18:01',1),(5,'Việt Mỹ 4','VM-4','VM-R1','29 Dân Chủ, VSIP 2','Máy phát dao tự động. khách hàng công ty cổ phần thiết bị dầu khí Việt Mỹ','2019-02-22 04:18:01','2019-02-22 04:18:01',1);
UNLOCK TABLES;

--
-- Table structure for table `CompanyMachine`
--

DROP TABLE IF EXISTS `CompanyMachine`;
CREATE TABLE `CompanyMachine` (
  `CompanyMachineID` int(10) NOT NULL AUTO_INCREMENT,
  `MachineCode` varchar(100) DEFAULT NULL,
  `CompanyCode` varchar(100) DEFAULT NULL,
  `CreatedDate` timestamp NULL DEFAULT NULL,
  `IsActive` tinyint(1) NOT NULL,
  `UpdatedDate` timestamp NOT NULL DEFAULT CURRENT_TIMESTAMP ON UPDATE CURRENT_TIMESTAMP,
  PRIMARY KEY (`CompanyMachineID`),
  KEY `MachineCode` (`MachineCode`),
  KEY `CompanyCode` (`CompanyCode`),
  CONSTRAINT `CompanyMachine_ibfk_1` FOREIGN KEY (`MachineCode`) REFERENCES `Machine` (`MachineCode`),
  CONSTRAINT `CompanyMachine_ibfk_2` FOREIGN KEY (`CompanyCode`) REFERENCES `Company` (`CompanyCode`)
) ENGINE=InnoDB AUTO_INCREMENT=6 DEFAULT CHARSET=utf8;

--
-- Dumping data for table `CompanyMachine`
--

LOCK TABLES `CompanyMachine` WRITE;
INSERT INTO `CompanyMachine` VALUES (1,'MAC1','Optiwell','2018-10-04 09:55:52',0,'2019-01-07 18:38:31'),(2,'VM-1','VINAMOILTOOLS','2019-02-22 02:14:49',0,'2019-02-22 02:14:49'),(3,'VM-2','MFC','2018-11-06 04:24:37',0,'2019-03-02 04:23:19'),(4,'VM-3','MFC','2019-02-22 02:14:49',0,'2019-02-22 02:14:49'),(5,'VM-4','VINAMOILTOOLS','2019-02-22 02:14:49',0,'2019-02-22 02:14:49');
UNLOCK TABLES;

--
-- Table structure for table `DatabaseVersion`
--

DROP TABLE IF EXISTS `DatabaseVersion`;
CREATE TABLE `DatabaseVersion` (
  `iToolAppDatabase` varchar(255) DEFAULT NULL,
  `UpdatedDate` timestamp NOT NULL DEFAULT CURRENT_TIMESTAMP
) ENGINE=InnoDB DEFAULT CHARSET=utf8;

--
-- Dumping data for table `DatabaseVersion`
--

LOCK TABLES `DatabaseVersion` WRITE;
INSERT INTO `DatabaseVersion` VALUES ('v2p0','2019-03-10 23:25:21');
UNLOCK TABLES;



--
-- Table structure for table `MasterLog`
--

DROP TABLE IF EXISTS `MasterLog`;
CREATE TABLE `MasterLog` (
  `LogID` int(20) NOT NULL AUTO_INCREMENT,
  `LogDate` timestamp NULL DEFAULT NULL,
  `AssessorName` varchar(255) DEFAULT NULL,
  `TblName` varchar(100) DEFAULT NULL,
  `RecordID` int(10) DEFAULT NULL,
  `ColumnName` varchar(100) DEFAULT NULL,
  `Action` varchar(100) DEFAULT NULL,
  `OldValue` text,
  `NewValue` text,
  `CompanyCode` varchar(100) DEFAULT NULL,
  `MachineCode` varchar(100) DEFAULT NULL,
  `Notes` text,
  `UpdatedDate` timestamp NOT NULL DEFAULT CURRENT_TIMESTAMP ON UPDATE CURRENT_TIMESTAMP,
  PRIMARY KEY (`LogID`),
  KEY `RecordID` (`RecordID`),
  KEY `AssessorName` (`AssessorName`),
  KEY `LogDate` (`LogDate`)
) ENGINE=InnoDB AUTO_INCREMENT=222 DEFAULT CHARSET=utf8;

--
-- Dumping data for table `MasterLog`
--

LOCK TABLES `MasterLog` WRITE;
UNLOCK TABLES;

--
-- Table structure for table `PendingAction`
--

DROP TABLE IF EXISTS `PendingAction`;
CREATE TABLE `PendingAction` (
  `PendingActionID` int(20) NOT NULL AUTO_INCREMENT,
  `PendingActionDate` timestamp NULL DEFAULT NULL,
  `PendingActionName` varchar(255) DEFAULT NULL,
  `ActionContent` text,
  `Status` varchar(100) DEFAULT NULL,
  `UpdatedDate` timestamp NOT NULL DEFAULT CURRENT_TIMESTAMP ON UPDATE CURRENT_TIMESTAMP,
  PRIMARY KEY (`PendingActionID`)
) ENGINE=InnoDB DEFAULT CHARSET=utf8;

--
-- Dumping data for table `PendingAction`
--

LOCK TABLES `PendingAction` WRITE;
UNLOCK TABLES;

--
-- Table structure for table `Roles`
--

DROP TABLE IF EXISTS `Roles`;
CREATE TABLE `Roles` (
  `RoleID` int(10) NOT NULL AUTO_INCREMENT,
  `RoleName` varchar(100) DEFAULT NULL,
  `RoleType` int(10) DEFAULT NULL,
  `IsRole` int(10) DEFAULT NULL,
  `UpdatedDate` timestamp NOT NULL DEFAULT CURRENT_TIMESTAMP ON UPDATE CURRENT_TIMESTAMP,
  PRIMARY KEY (`RoleID`)
) ENGINE=InnoDB AUTO_INCREMENT=9 DEFAULT CHARSET=utf8;

--
-- Dumping data for table `Roles`
--

LOCK TABLES `Roles` WRITE;
INSERT INTO `Roles` VALUES (1,'Admin',NULL,1,'2018-10-04 05:29:30'),(2,'SubAdmin',NULL,1,'2018-10-04 05:29:30'),(3,'Accounting',NULL,1,'2018-10-04 05:29:30'),(4,'Emp',NULL,1,'2018-10-04 05:29:30'),(5,'Other',NULL,1,'2018-10-04 05:29:30'),(6,'PutIns',NULL,0,'2018-10-04 05:29:30'),(7,'TakeOver',NULL,0,'2018-10-04 05:29:30'),(8,'EditTransaction',NULL,0,'2018-10-04 05:29:30');
UNLOCK TABLES;

--
-- Table structure for table `RoleAssessor`
--

DROP TABLE IF EXISTS `RoleAssessor`;
CREATE TABLE `RoleAssessor` (
  `RoleAssessorID` int(10) NOT NULL AUTO_INCREMENT,
  `RoleID` int(10) DEFAULT NULL,
  `AssessorID` int(10) DEFAULT NULL,
  `CreatedDate` timestamp NULL DEFAULT NULL,
  `IsActive` tinyint(1) NOT NULL,
  `UpdatedDate` timestamp NOT NULL DEFAULT CURRENT_TIMESTAMP ON UPDATE CURRENT_TIMESTAMP,
  PRIMARY KEY (`RoleAssessorID`),
  KEY `CreatedDate` (`CreatedDate`),
  KEY `RoleID` (`RoleID`),
  KEY `AssessorID` (`AssessorID`),
  CONSTRAINT `RoleAssessor_ibfk_1` FOREIGN KEY (`RoleID`) REFERENCES `Roles` (`RoleID`),
  CONSTRAINT `RoleAssessor_ibfk_2` FOREIGN KEY (`AssessorID`) REFERENCES `Assessor` (`AssessorID`)
) ENGINE=InnoDB AUTO_INCREMENT=43 DEFAULT CHARSET=utf8;

--
-- Dumping data for table `RoleAssessor`
--

LOCK TABLES `RoleAssessor` WRITE;
INSERT INTO `RoleAssessor` VALUES (1,1,1,'2018-10-04 05:29:57',1,'2018-10-04 05:29:57'),(6,3,2,'2018-11-27 02:42:41',1,'2018-11-27 02:42:41'),(8,4,4,'2018-12-04 06:02:48',1,'2018-12-04 06:02:48'),(9,4,5,'2018-12-04 06:03:18',1,'2018-12-04 06:03:18'),(10,4,7,'2018-12-04 06:03:56',1,'2018-12-04 06:03:56'),(11,4,8,'2018-12-04 06:04:39',1,'2018-12-04 06:04:39'),(12,4,9,'2018-12-04 06:05:00',1,'2018-12-04 06:05:00'),(13,4,10,'2018-12-04 06:05:35',1,'2018-12-04 06:05:35'),(14,4,11,'2018-12-04 06:10:22',1,'2018-12-04 06:10:22'),(15,4,12,'2018-12-04 06:10:44',1,'2018-12-04 06:10:44'),(16,4,13,'2018-12-04 06:11:24',1,'2018-12-04 06:11:24'),(17,4,14,'2018-12-04 06:11:54',1,'2018-12-04 06:11:54'),(18,4,15,'2018-12-04 06:12:58',1,'2018-12-04 06:12:58'),(19,4,16,'2018-12-04 06:14:07',1,'2018-12-04 06:14:07'),(20,4,17,'2018-12-04 06:15:29',1,'2018-12-04 06:15:29'),(21,4,18,'2018-12-04 06:17:07',1,'2018-12-04 06:17:07'),(22,4,19,'2018-12-04 06:18:04',1,'2018-12-04 06:18:04'),(23,4,20,'2018-12-04 06:18:43',1,'2018-12-04 06:18:43'),(24,4,21,'2018-12-04 06:54:14',1,'2018-12-04 06:54:14'),(26,4,23,'2018-12-04 06:59:09',1,'2018-12-04 06:59:09'),(29,3,4,'2019-01-10 01:51:59',1,'2019-01-10 01:51:59'),(30,3,13,'2019-01-10 02:13:47',1,'2019-01-10 02:13:47'),(32,4,22,'2019-01-10 04:10:37',1,'2019-01-10 04:10:37'),(33,3,24,'2019-01-10 04:19:00',1,'2019-01-10 04:19:00'),(34,2,6,'2019-01-10 08:50:25',1,'2019-01-10 08:50:25'),(35,3,25,'2019-01-14 19:50:56',1,'2019-01-14 19:50:56'),(36,2,26,'2019-01-14 20:09:32',1,'2019-01-14 20:09:32'),(37,2,27,'2019-02-12 01:47:53',1,'2019-02-12 03:31:06'),(38,3,26,'2019-02-12 01:47:53',1,'2019-02-12 03:31:06'),(39,4,29,'2019-02-21 01:26:34',1,'2019-02-21 01:26:34'),(40,3,28,'2019-02-25 01:26:34',1,'2019-02-25 01:26:34'),(41,4,30,'2019-03-02 03:23:53',1,'2019-03-02 03:23:53'),(42,2,3,'2019-03-10 05:28:02',1,'2019-03-10 05:28:02');
UNLOCK TABLES;


--
-- Table structure for table `SPRING_SESSION`
--

DROP TABLE IF EXISTS `SPRING_SESSION`;
CREATE TABLE `SPRING_SESSION` (
  `PRIMARY_ID` char(36) NOT NULL,
  `SESSION_ID` char(36) NOT NULL,
  `CREATION_TIME` bigint(20) NOT NULL,
  `LAST_ACCESS_TIME` bigint(20) NOT NULL,
  `MAX_INACTIVE_INTERVAL` int(11) NOT NULL,
  `EXPIRY_TIME` bigint(20) NOT NULL,
  `PRINCIPAL_NAME` varchar(100) DEFAULT NULL,
  PRIMARY KEY (`PRIMARY_ID`),
  UNIQUE KEY `SPRING_SESSION_IX1` (`SESSION_ID`),
  KEY `SPRING_SESSION_IX2` (`EXPIRY_TIME`),
  KEY `SPRING_SESSION_IX3` (`PRINCIPAL_NAME`)
) ENGINE=InnoDB DEFAULT CHARSET=utf8;

--
-- Dumping data for table `SPRING_SESSION`
--

LOCK TABLES `SPRING_SESSION` WRITE;
UNLOCK TABLES;

--
-- Table structure for table `SPRING_SESSION_ATTRIBUTES`
--

DROP TABLE IF EXISTS `SPRING_SESSION_ATTRIBUTES`;
CREATE TABLE `SPRING_SESSION_ATTRIBUTES` (
  `SESSION_PRIMARY_ID` char(36) NOT NULL,
  `ATTRIBUTE_NAME` varchar(200) NOT NULL,
  `ATTRIBUTE_BYTES` mediumblob NOT NULL,
  PRIMARY KEY (`SESSION_PRIMARY_ID`,`ATTRIBUTE_NAME`),
  KEY `SPRING_SESSION_ATTRIBUTES_IX1` (`SESSION_PRIMARY_ID`),
  CONSTRAINT `SPRING_SESSION_ATTRIBUTES_FK` FOREIGN KEY (`SESSION_PRIMARY_ID`) REFERENCES `SPRING_SESSION` (`PRIMARY_ID`) ON DELETE CASCADE
) ENGINE=InnoDB DEFAULT CHARSET=utf8;

--
-- Dumping data for table `SPRING_SESSION_ATTRIBUTES`
--

LOCK TABLES `SPRING_SESSION_ATTRIBUTES` WRITE;
UNLOCK TABLES;

--
-- Table structure for table `SyncHistory`
--

DROP TABLE IF EXISTS `SyncHistory`;
CREATE TABLE `SyncHistory` (
  `SyncHistoryID` int(20) NOT NULL AUTO_INCREMENT,
  `SyncDate` timestamp NOT NULL DEFAULT CURRENT_TIMESTAMP,
  `Statistic` text,
  `Status` varchar(255) DEFAULT NULL,
  `SynType` varchar(255) DEFAULT NULL,
  PRIMARY KEY (`SyncHistoryID`)
) ENGINE=InnoDB AUTO_INCREMENT=168 DEFAULT CHARSET=utf8;

--
-- Dumping data for table `SyncHistory`
--

LOCK TABLES `SyncHistory` WRITE;
INSERT INTO `SyncHistory` VALUES (1,'2018-08-08 16:25:21','first sync record','SUCCESS','HostToLocal'),(2,'2018-08-08 16:25:21','first sync record','SUCCESS','LocalToHost');
UNLOCK TABLES;

--
-- Table structure for table `Tools`
--

DROP TABLE IF EXISTS `Tools`;
CREATE TABLE `Tools` (
  `ToolID` int(10) NOT NULL AUTO_INCREMENT,
  `ToolCode` varchar(100) DEFAULT NULL,
  `Model` varchar(100) DEFAULT NULL,
  `Barcode` varchar(100) DEFAULT NULL,
  `Description` varchar(100) DEFAULT NULL,
  `CreatedDate` timestamp NULL DEFAULT NULL,
  `UpdatedDate` timestamp NOT NULL DEFAULT CURRENT_TIMESTAMP ON UPDATE CURRENT_TIMESTAMP,
  `IsActive` tinyint(1) NOT NULL,
  PRIMARY KEY (`ToolID`),
  UNIQUE KEY `ToolCode` (`ToolCode`)
) ENGINE=InnoDB AUTO_INCREMENT=64 DEFAULT CHARSET=utf8;


--
-- Dumping data for table `Tools`
--

LOCK TABLES `Tools` WRITE;
INSERT INTO `Tools` VALUES (1,'52157','Mill',NULL,'Mill 52157','2018-10-04 06:01:10','2018-10-04 06:01:10',1),(2,'16EL-8STACME','Insert ren',NULL,'Insert ren 16EL-8STACME','2018-10-04 06:01:10','2018-10-04 06:01:10',1),(3,'16ER-8STACME','Insert ren',NULL,'Insert ren 16ER-8STACME','2018-10-04 06:01:10','2018-10-04 06:01:10',1),(4,'16IL-8STACME','Insert ren',NULL,'Insert ren 16IL-8STACME','2018-10-04 06:01:11','2018-10-04 06:01:11',1),(5,'16IR-8STACME','Insert ren',NULL,'Insert ren 16IR-8STACME','2018-10-04 06:01:11','2018-10-04 06:01:11',1),(6,'3300265WXMSGPS','Drill',NULL,'Drill 3300265WXMSGPS','2018-10-04 06:01:11','2018-10-04 06:01:11',1),(7,'5/16-18UNC','Taro',NULL,'Taro 5/16-18UNC','2018-10-04 06:01:11','2018-10-04 06:01:11',1),(8,'5/16-24UNF','Taro',NULL,'Taro 5/16-24UNF','2018-10-04 06:01:11','2018-10-04 06:01:11',1),(9,'880-070406H-C-GM1044','Insert Khoan',NULL,'Insert khoan 880-070406H-C-GM1044','2018-10-04 06:01:11','2018-10-04 06:01:11',1),(10,'880-090608H-C-LM1144','Insert Khoan',NULL,'Insert khoan 880-090608H-C-LM1144','2018-10-04 06:01:11','2018-10-04 06:01:11',1),(11,'880-0906W10H-P-LM4344','Insert Khoan',NULL,'Insert khoan 880-0906W10H-P-LM4344','2018-10-04 06:01:12','2018-10-04 06:01:12',1),(12,'9/16-18UNF','Taro',NULL,'Taro 9/16-18UNF','2018-10-04 06:01:12','2018-10-04 06:01:12',1),(13,'AF60135-065TIALN','Endmill',NULL,'Endmill AF60135-065TIALN','2018-10-04 06:01:12','2018-10-04 06:01:12',1),(14,'APMT1604PDER-M2TI960','Insert',NULL,'Insert APMT1604PDER-M2TI960','2018-10-04 06:01:12','2018-10-04 06:01:12',1),(15,'CCMT120408GKCA525','Insert',NULL,'Insert CCMT120408GKCA525','2018-10-04 06:01:12','2018-10-04 06:01:12',1),(16,'CDRA03016','Drill',NULL,'Drill CDRA03016','2018-10-04 06:01:12','2018-10-04 06:01:12',1),(17,'CDRA03038','Drill',NULL,'Drill CDRA03038','2018-10-04 06:01:12','2018-10-04 06:01:12',1),(18,'CDRA03042','Drill',NULL,'Drill CDRA03042','2018-10-04 06:01:12','2018-10-04 06:01:12',1),(19,'CDRA03051','Drill',NULL,'Drill CDRA03051','2018-10-04 06:01:12','2018-10-04 06:01:12',1),(20,'CPMH090308PR1425','Insert',NULL,'Insert CPMH090308PR1425','2018-10-04 06:01:13','2018-10-04 06:01:13',1),(21,'DCMT11T308PM4325','Insert',NULL,'Insert DCMT11T308PM4325','2018-10-04 06:01:13','2018-10-04 06:01:13',1),(22,'DNMG110408PM4325','Insert',NULL,'Insert DNMG110408PM4325','2018-10-04 06:01:13','2018-10-04 06:01:13',1),(23,'DNMG150408MSPR1310','Inser',NULL,'Inser DNMG150408MSPR1310','2018-10-04 06:01:13','2018-10-04 06:01:13',1),(24,'DTE4-040AH725','Insert',NULL,'Insert DTE4-040AH725','2018-10-04 06:01:13','2018-10-04 06:01:13',1),(25,'M5-0.8','Mill',NULL,'Mill M5-0.8','2018-10-04 06:01:13','2018-10-04 06:01:13',1),(26,'MPHCR080-0.5','Endmill',NULL,'Endmill MPHCR080-0.5','2018-10-04 06:01:13','2018-10-04 06:01:13',1),(27,'TOTIME55-060R-A','Endmill',NULL,'Endmill TOTIME55-060R-A','2018-10-04 06:01:13','2018-10-04 06:01:13',1),(28,'TOTIME55-060R-S','Endmill',NULL,'Endmill TOTIME55-060R-S','2018-10-04 06:01:13','2018-10-04 06:01:13',1),(29,'TOTIME55-060S-50','Endmill',NULL,'End mill TOTIME55-060S-50','2018-10-04 06:01:14','2018-10-04 06:01:14',1),(30,'TOTIME55-080R-S','Endmill',NULL,'Endmill TOTIME55-080R-S','2018-10-04 06:01:14','2018-10-04 06:01:14',1),(31,'TOTIME55-080S-60','Endmill',NULL,'Endmill TOTIME55-080S-60','2018-10-04 06:01:14','2018-10-04 06:01:14',1),(32,'TOTIME55-100R-S','Endmill',NULL,'Endmill TOTIME55-100R-S','2018-10-04 06:01:14','2018-10-04 06:01:14',1),(33,'TOTIME55-100S-75','Endmill',NULL,'Endmill TOTIME55-100S-75','2018-10-04 06:01:14','2018-10-04 06:01:14',1),(34,'TOTIME55-120S-75','Endmill',NULL,'Endmill TOTIME55-120S-75','2018-10-04 06:01:14','2018-10-04 06:01:14',1),(35,'TPGH110304LPR1425','Insert',NULL,'Insert TPGH110304LPR1425','2018-10-04 06:01:14','2018-10-04 06:01:14',1),(36,'TX304030','Endmill',NULL,'Endmill TX304030','2018-10-04 06:01:15','2018-10-04 06:01:15',1),(37,'TX304080','Endmill',NULL,'Endmill TX304080','2018-10-04 06:01:15','2018-10-04 06:01:15',1),(38,'TX304100','Endmill',NULL,'Endmill TX304100','2018-10-04 06:01:15','2018-10-04 06:01:15',1),(39,'VBMT160408MM1125','Insert',NULL,'Insert VBMT160408MM1125','2018-10-04 06:01:15','2018-10-04 06:01:15',1),(40,'VBMT160408PM4325','Insert',NULL,'Insert VBMT160408PM4325','2018-10-04 06:01:15','2018-10-04 06:01:15',1),(41,'VNMG160404-SF1105','Insert',NULL,'Insert VNMG160404-SF1105','2018-10-04 06:01:15','2018-10-04 06:01:15',1),(42,'VNMG160408-MAUE6110','Insert',NULL,'Insert VNMG160408-MAUE6110','2018-10-04 06:01:16','2018-10-04 06:01:16',1),(43,'VNMG160408PM4325','Insert',NULL,'Insert VNMG160408PM4325','2018-10-04 06:01:16','2018-10-04 06:01:16',1),(44,'VNMG160408SF1105','Insert',NULL,'Insert VNMG160408SF1105','2018-10-04 06:01:16','2018-10-04 06:01:16',1),(45,'WBGT0601021MPB800','Insert',NULL,'Insert WBGT0601021MPB800','2018-10-04 06:01:16','2018-10-04 06:01:16',1),(46,'WCMX06T308MBP800','Insert',NULL,'Insert WCMX06T308MBP800','2018-10-04 06:01:16','2018-10-04 06:01:16',1),(47,'WCMX080412MBP800','Insert',NULL,'Insert WCMX080412MBP800','2018-10-04 06:01:16','2018-10-04 06:01:16',1),(48,'WNMG080408-M3MIC806','Insert',NULL,'Insert WNMG080408-M3MIC806','2018-10-04 06:01:16','2018-10-04 06:01:16',1),(49,'WNMG080408PM4325','Insert',NULL,'Insert WNMG080408PM4325','2018-10-04 06:01:16','2018-10-04 06:01:16',1),(50,'YDS33SD2A04050-4.0','Chamfer',NULL,'Chamfer YDS33SD2A04050-4.0','2018-10-04 06:01:16','2018-10-04 06:01:16',1),(51,'YDS33SD2A06050-6.0','Chamfer',NULL,'Chamfer YDS33SD2A06050-6.0','2018-10-04 06:01:17','2018-10-04 06:01:17',1),(52,'ZE704010','Insert',NULL,'Insert ZE704010','2018-10-04 06:01:17','2018-10-04 06:01:17',1),(53,'ZSPM4040-05','Insert',NULL,'Insert ZSPM4040-05','2018-10-04 06:01:17','2018-10-04 06:01:17',1),(54,'VPGT080202MPCKPR1225','Turning',NULL,'Insert VPGT080202MPCKPR1225\r\n\r\n','2018-12-06 01:24:16','2018-12-06 01:24:16',1),(55,'VBMT160404MM2025','Insert',NULL,'Insert VBMT160404MM2025\r\n','2018-12-06 01:25:22','2018-12-06 01:25:22',1),(56,'VCMT110304MM2025','Insert',NULL,'Insert VCMT110304MM2025\r\n','2018-12-06 01:26:10','2018-12-06 01:26:10',1),(57,'TF35406AC50C','Insert',NULL,'Insert TF35406AC50C\r\n','2018-12-06 01:27:16','2018-12-06 01:27:16',1),(58,'TF35407AC50C','Insert',NULL,'Insert TF35407AC50C\r\n','2018-12-06 01:28:15','2018-12-06 01:28:15',1),(59,'TF35408AC50C','Insert',NULL,'Insert TF35408AC50C\r\n','2018-12-06 01:29:42','2018-12-06 01:29:42',1),(60,'TF35409AC50C','Insert',NULL,'Insert TF35409AC50C\r\n','2018-12-06 01:30:18','2018-12-06 01:30:18',1),(62,'tool1','tx304020',NULL,'endmil 2','2019-03-02 01:46:07','2019-03-02 01:46:07',1),(63,'ENDMILL 4','TX304040',NULL,'DAO PHAY ENDMILL 4','2019-03-02 04:21:21','2019-03-02 04:21:21',1);
UNLOCK TABLES;

--
-- Table structure for table `ToolsMachine`
--

DROP TABLE IF EXISTS `ToolsMachine`;
CREATE TABLE `ToolsMachine` (
  `ToolsMachineID` int(10) NOT NULL AUTO_INCREMENT,
  `ToolCode` varchar(100) NOT NULL,
  `MachineCode` varchar(100) DEFAULT NULL,
  `CreatedDate` timestamp NULL DEFAULT NULL,
  `UpdatedDate` timestamp NOT NULL DEFAULT CURRENT_TIMESTAMP ON UPDATE CURRENT_TIMESTAMP,
  `IsActive` tinyint(1) NOT NULL,
  PRIMARY KEY (`ToolsMachineID`)
) ENGINE=InnoDB DEFAULT CHARSET=utf8;

--
-- Dumping data for table `ToolsMachine`
--

LOCK TABLES `ToolsMachine` WRITE;
UNLOCK TABLES;

--
-- Table structure for table `ToolsMachineTray`
--

DROP TABLE IF EXISTS `ToolsMachineTray`;
CREATE TABLE `ToolsMachineTray` (
  `ToolsMachineTrayID` int(10) NOT NULL AUTO_INCREMENT,
  `MachineCode` varchar(100) NOT NULL,
  `ToolCode` varchar(100) NOT NULL,
  `TrayIndex` varchar(100) NOT NULL,
  `Quantity` int(10) DEFAULT NULL,
  `CreatedDate` timestamp NULL DEFAULT NULL,
  `UpdatedDate` timestamp NOT NULL DEFAULT CURRENT_TIMESTAMP ON UPDATE CURRENT_TIMESTAMP,
  `IsActive` tinyint(1) NOT NULL,
  PRIMARY KEY (`ToolsMachineTrayID`)
) ENGINE=InnoDB AUTO_INCREMENT=59879 DEFAULT CHARSET=utf8;

--
-- Dumping data for table `ToolsMachineTray`
--

LOCK TABLES `ToolsMachineTray` WRITE;
INSERT INTO `ToolsMachineTray` VALUES (5388,'VM-2','16EL-8STACME','TRAY_01',0,NULL,'2019-02-24 13:54:15',1),(5389,'VM-2','16EL-8STACME','TRAY_02',0,NULL,'2019-02-24 11:13:09',1),(5390,'VM-2','16EL-8STACME','TRAY_03',0,NULL,'2019-02-24 11:20:36',1),(5391,'VM-2','16ER-8STACME','TRAY_17',1,NULL,'2019-02-24 13:49:35',1),(5392,'VM-2','52157','TRAY_15',1,NULL,'2019-03-01 13:45:34',1),(5393,'VM-2','52157','TRAY_16',1,NULL,'2019-03-01 13:46:10',1),(59695,'VM-1','52157','TRAY_02',2,NULL,'2018-11-09 23:14:01',1),(59696,'VM-1','16EL-8STACME','TRAY_47',7,NULL,'2018-11-09 23:14:39',1),(59697,'VM-1','16ER-8STACME','TRAY_48',10,NULL,'2018-11-09 23:15:51',1),(59698,'VM-1','16IL-8STACME','TRAY_49',10,NULL,'2018-11-09 23:16:37',1),(59699,'VM-1','16IR-8STACME','TRAY_50',10,NULL,'2018-11-09 23:17:21',1),(59700,'VM-1','3300265WXMSGPS','TRAY_16',3,NULL,'2018-11-09 23:18:00',1),(59701,'VM-1','5/16-18UNC','TRAY_12',3,NULL,'2018-11-09 23:18:31',1),(59702,'VM-1','5/16-24UNF','TRAY_03',1,NULL,'2018-11-09 23:19:02',1),(59703,'VM-1','880-070406H-C-GM1044','TRAY_39',10,NULL,'2018-11-09 23:20:11',1),(59704,'VM-1','880-090608H-C-LM1144','TRAY_38',9,NULL,'2018-11-09 23:20:43',1),(59705,'VM-1','880-0906W10H-P-LM4344','TRAY_37',9,NULL,'2018-11-09 23:21:14',1),(59706,'VM-1','9/16-18UNF','TRAY_27',3,NULL,'2018-11-09 23:21:46',1),(59707,'VM-1','AF60135-065TIALN','TRAY_30',1,NULL,'2018-11-09 23:22:26',1),(59708,'VM-1','APMT1604PDER-M2TI960','TRAY_40',0,NULL,'2018-12-18 20:35:57',1),(59709,'VM-1','CCMT120408GKCA525','TRAY_35',10,NULL,'2018-11-09 23:23:48',1),(59710,'VM-1','CDRA03016','TRAY_19',4,NULL,'2018-11-09 23:24:20',1),(59711,'VM-1','CDRA030385','TRAY_17',5,NULL,'2018-11-09 23:25:03',1),(59712,'VM-1','CDRA03042','TRAY_18',4,NULL,'2018-11-09 23:25:28',1),(59713,'VM-1','CDRA03051','TRAY_20',1,NULL,'2018-11-09 23:26:09',1),(59714,'VM-1','CPMH090308PR1425','TRAY_36',0,NULL,'2018-12-18 19:22:59',1),(59715,'VM-1','DCMT11T308PM4325','TRAY_31',7,NULL,'2019-03-05 00:32:29',1),(59716,'VM-1','DNMG110408PM4325','TRAY_32',10,NULL,'2018-11-09 23:28:22',1),(59717,'VM-1','DNMG150408MSPR1310','TRAY_33',4,NULL,'2018-12-18 19:22:30',1),(59718,'VM-1','DTE4-040AH725','TRAY_34',5,NULL,'2019-01-28 06:57:32',1),(59719,'VM-1','M5-0.8','TRAY_01',2,NULL,'2018-11-09 23:30:25',1),(59720,'VM-1','MPHCR080-0.5','TRAY_26',1,NULL,'2018-11-09 23:31:26',1),(59721,'VM-1','TOTIME55-060R-A','TRAY_58',3,NULL,'2018-11-09 23:32:38',1),(59722,'VM-1','TOTIME55-060R-S','TRAY_22',9,NULL,'2018-11-09 23:33:15',1),(59723,'VM-1','TOTIME55-060S-50','TRAY_59',4,NULL,'2019-01-22 06:28:51',1),(59724,'VM-1','TOTIME55-080R-S','TRAY_21',9,NULL,'2019-03-07 08:10:21',1),(59725,'VM-1','TOTIME55-080S-60','TRAY_25',0,NULL,'2018-12-05 23:25:52',1),(59726,'VM-1','TOTIME55-100R-S','TRAY_24',9,NULL,'2018-11-09 23:36:22',1),(59727,'VM-1','TOTIME55-100S-75','TRAY_23',3,NULL,'2019-02-22 06:30:36',1),(59728,'VM-1','TOTIME55-120S-75','TRAY_57',1,NULL,'2019-01-18 01:35:26',1),(59729,'VM-1','TPGH110304LPR1425','TRAY_11',10,NULL,'2018-11-09 23:38:20',1),(59730,'VM-1','TX304030','TRAY_46',3,NULL,'2018-12-18 19:21:53',1),(59731,'VM-1','TX304080','TRAY_60',9,NULL,'2018-12-18 19:21:14',1),(59732,'VM-1','TX304100','TRAY_45',4,NULL,'2018-11-09 23:40:06',1),(59733,'VM-1','VBMT160408PM4325','TRAY_55',9,NULL,'2018-11-13 20:47:55',1),(59734,'VM-1','YDS33SD2A06050-6.0','TRAY_28',0,NULL,'2019-01-17 08:11:53',1),(59735,'VM-1','ZE704010','TRAY_14',10,NULL,'2018-11-09 23:43:36',1),(59736,'VM-1','ZSPM4040-05','TRAY_15',3,NULL,'2018-11-09 23:44:07',1),(59737,'VM-1','VNMG160404-SF1105','TRAY_51',8,NULL,'2019-01-08 20:49:50',1),(59738,'VM-1','VNMG160408-MAUE6110','TRAY_56',9,NULL,'2019-01-22 05:16:41',1),(59739,'VM-1','VNMG160408PM4325','TRAY_52',10,NULL,'2018-11-09 23:46:06',1),(59740,'VM-1','WBGT0601021MPB800','TRAY_13',10,NULL,'2018-11-09 23:46:44',1),(59741,'VM-1','WCMX06T308MBP800','TRAY_41',1,NULL,'2019-01-29 00:35:20',1),(59742,'VM-1','WCMX080412MBP800','TRAY_42',10,NULL,'2019-01-22 06:35:28',1),(59743,'VM-1','WNMG080408-M3MIC806','TRAY_44',8,NULL,'2019-02-26 05:05:09',1),(59744,'VM-1','WNMG080408PM4325','TRAY_43',10,NULL,'2018-11-09 23:50:06',1),(59745,'VM-1','YDS33SD2A04050-4.0','TRAY_29',2,NULL,'2018-11-09 23:50:41',1),(59746,'VM-1','VPGT080202MPCKPR1225','TRAY_54',10,NULL,'2018-12-05 23:23:11',1),(59747,'VM-1','VCMT110304MM2025','TRAY_53',10,NULL,'2018-12-05 23:23:45',1),(59748,'VM-1','VBMT160404MM2025','TRAY_25',3,NULL,'2019-02-27 01:17:29',1),(59814,'VM-3','16EL-8STACME','TRAY_01',0,NULL,'2019-02-25 07:14:16',1),(59815,'VM-3','16EL-8STACME','TRAY_02',0,NULL,'2019-02-25 07:13:56',1),(59816,'VM-3','16EL-8STACME','TRAY_03',0,NULL,'2019-02-25 07:13:36',1),(59817,'VM-3','16EL-8STACME','TRAY_04',0,NULL,'2019-02-25 07:12:59',1),(59818,'VM-3','16EL-8STACME','TRAY_05',0,NULL,'2019-02-25 07:12:39',1),(59819,'VM-3','16EL-8STACME','TRAY_06',0,NULL,'2019-02-25 05:45:08',1),(59820,'VM-3','16EL-8STACME','TRAY_07',0,NULL,'2019-02-25 05:44:27',1),(59821,'VM-3','16EL-8STACME','TRAY_08',0,NULL,'2019-02-25 05:43:47',1),(59822,'VM-3','16EL-8STACME','TRAY_09',0,NULL,'2019-02-25 05:43:05',1),(59823,'VM-3','16EL-8STACME','TRAY_10',0,NULL,'2019-02-25 05:42:18',1),(59824,'VM-3','16EL-8STACME','TRAY_11',0,NULL,'2019-02-25 06:02:19',1),(59825,'VM-3','16EL-8STACME','TRAY_12',0,NULL,'2019-02-25 06:00:56',1),(59826,'VM-3','16EL-8STACME','TRAY_13',0,NULL,'2019-02-25 06:00:06',1),(59827,'VM-3','16EL-8STACME','TRAY_14',0,NULL,'2019-02-25 05:59:01',1),(59828,'VM-3','16EL-8STACME','TRAY_15',0,NULL,'2019-02-25 05:58:21',1),(59829,'VM-3','16EL-8STACME','TRAY_16',0,NULL,'2019-02-25 05:57:23',1),(59830,'VM-3','16EL-8STACME','TRAY_17',0,NULL,'2019-02-25 05:56:43',1),(59831,'VM-3','16EL-8STACME','TRAY_18',0,NULL,'2019-02-25 05:56:00',1),(59832,'VM-3','16EL-8STACME','TRAY_19',0,NULL,'2019-02-25 05:55:20',1),(59833,'VM-3','16EL-8STACME','TRAY_20',0,NULL,'2019-02-25 05:54:39',1),(59834,'VM-3','16EL-8STACME','TRAY_21',0,NULL,'2019-02-25 06:29:24',1),(59835,'VM-3','16EL-8STACME','TRAY_22',0,NULL,'2019-02-25 06:28:27',1),(59836,'VM-3','16EL-8STACME','TRAY_23',0,NULL,'2019-02-25 06:27:42',1),(59837,'VM-3','16EL-8STACME','TRAY_24',0,NULL,'2019-02-25 06:27:01',1),(59838,'VM-3','16EL-8STACME','TRAY_25',0,NULL,'2019-02-25 06:26:20',1),(59839,'VM-3','16EL-8STACME','TRAY_26',0,NULL,'2019-02-25 06:25:28',1),(59840,'VM-3','16EL-8STACME','TRAY_27',0,NULL,'2019-02-25 06:24:46',1),(59841,'VM-3','16EL-8STACME','TRAY_28',0,NULL,'2019-02-25 06:23:41',1),(59842,'VM-3','16EL-8STACME','TRAY_29',0,NULL,'2019-02-25 06:22:59',1),(59843,'VM-3','16EL-8STACME','TRAY_30',0,NULL,'2019-02-25 06:22:17',1),(59844,'VM-3','16EL-8STACME','TRAY_31',0,NULL,'2019-02-25 06:20:11',1),(59845,'VM-3','16EL-8STACME','TRAY_32',0,NULL,'2019-02-25 06:19:02',1),(59846,'VM-3','16EL-8STACME','TRAY_33',0,NULL,'2019-03-02 02:49:43',1),(59847,'VM-3','16EL-8STACME','TRAY_34',0,NULL,'2019-02-25 06:17:35',1),(59848,'VM-3','16ER-8STACME','TRAY_35',0,NULL,'2019-02-25 06:30:24',1),(59849,'VM-3','16EL-8STACME','TRAY_36',0,NULL,'2019-02-25 06:16:41',1),(59850,'VM-3','16EL-8STACME','TRAY_37',0,NULL,'2019-02-25 06:15:51',1),(59851,'VM-3','16EL-8STACME','TRAY_38',0,NULL,'2019-02-25 06:15:10',1),(59852,'VM-3','16EL-8STACME','TRAY_39',0,NULL,'2019-02-25 06:14:29',1),(59853,'VM-3','16EL-8STACME','TRAY_40',0,NULL,'2019-02-25 06:13:47',1),(59854,'VM-3','16EL-8STACME','TRAY_41',0,NULL,'2019-02-25 07:12:12',1),(59855,'VM-3','16EL-8STACME','TRAY_42',0,NULL,'2019-02-25 06:55:05',1),(59856,'VM-3','16EL-8STACME','TRAY_43',0,NULL,'2019-02-25 06:54:25',1),(59857,'VM-3','16EL-8STACME','TRAY_44',0,NULL,'2019-02-25 06:53:43',1),(59858,'VM-3','16EL-8STACME','TRAY_45',0,NULL,'2019-02-25 06:52:47',1),(59859,'VM-3','16EL-8STACME','TRAY_46',0,NULL,'2019-02-25 06:51:59',1),(59860,'VM-3','16EL-8STACME','TRAY_47',0,NULL,'2019-02-25 06:51:17',1),(59861,'VM-3','16EL-8STACME','TRAY_48',0,NULL,'2019-02-25 06:50:32',1),(59862,'VM-3','16EL-8STACME','TRAY_49',0,NULL,'2019-02-25 06:49:34',1),(59863,'VM-3','16EL-8STACME','TRAY_50',0,NULL,'2019-02-25 06:48:50',1),(59864,'VM-3','16EL-8STACME','TRAY_51',0,NULL,'2019-02-25 06:48:10',1),(59865,'VM-3','16EL-8STACME','TRAY_52',0,NULL,'2019-02-25 06:47:29',1),(59866,'VM-3','16EL-8STACME','TRAY_53',0,NULL,'2019-02-25 06:46:46',1),(59867,'VM-3','16EL-8STACME','TRAY_54',0,NULL,'2019-02-25 06:46:01',1),(59868,'VM-3','16EL-8STACME','TRAY_55',0,NULL,'2019-02-25 06:45:21',1),(59869,'VM-3','16EL-8STACME','TRAY_56',0,NULL,'2019-02-25 06:44:38',1),(59870,'VM-3','16EL-8STACME','TRAY_57',0,NULL,'2019-02-25 06:43:56',1),(59871,'VM-3','16EL-8STACME','TRAY_58',0,NULL,'2019-02-25 06:42:16',1),(59872,'VM-3','16EL-8STACME','TRAY_59',0,NULL,'2019-02-25 06:41:34',1),(59873,'VM-3','16EL-8STACME','TRAY_60',0,NULL,'2019-02-25 06:40:49',1),(59874,'VM-3','16ER-8STACME','TRAY_34',1,NULL,'2019-03-02 04:18:21',1),(59875,'VM-3','DTE4-040AH725 ','TRAY_25',3,NULL,'2019-03-02 04:05:59',1),(59876,'VM-3','5/16-24UNFM5-0.8','TRAY_05',4,NULL,'2019-03-02 04:07:14',1),(59877,'VM-3','M5-0.8 ','TRAY_04',0,NULL,'2019-03-02 04:17:19',1),(59878,'VM-3','ZSPM4040-05','TRAY_05',1,NULL,'2019-03-02 04:30:32',1);
UNLOCK TABLES;

--
-- Table structure for table `WorkingTransaction`
--

DROP TABLE IF EXISTS `WorkingTransaction`;
CREATE TABLE `WorkingTransaction` (
  `WorkingTransactionID` int(20) NOT NULL AUTO_INCREMENT,
  `TransactionDate` timestamp NULL DEFAULT NULL,
  `MachineCode` varchar(100) NOT NULL,
  `CompanyCode` varchar(100) NOT NULL,
  `AssessorID` varchar(100) NOT NULL,
  `WOCode` varchar(100) NOT NULL,
  `OPCode` varchar(100) NOT NULL,
  `ToolCode` varchar(100) NOT NULL,
  `TrayIndex` varchar(100) DEFAULT NULL,
  `Quantity` int(10) DEFAULT NULL,
  `UpdatedDate` timestamp NOT NULL DEFAULT CURRENT_TIMESTAMP ON UPDATE CURRENT_TIMESTAMP,
  `TransactionStatus` varchar(255) DEFAULT NULL,
  `RespondMessage` varchar(255) DEFAULT NULL,
  `TransactionType` varchar(255) DEFAULT NULL,
  PRIMARY KEY (`WorkingTransactionID`),
  KEY `TransactionDate` (`TransactionDate`),
  KEY `AssessorID` (`AssessorID`),
  KEY `ToolCode` (`ToolCode`),
  KEY `MachineCode` (`MachineCode`),
  KEY `CompanyCode` (`CompanyCode`),
  CONSTRAINT `WorkingTransaction_ibfk_1` FOREIGN KEY (`MachineCode`) REFERENCES `Machine` (`MachineCode`),
  CONSTRAINT `WorkingTransaction_ibfk_2` FOREIGN KEY (`CompanyCode`) REFERENCES `Company` (`CompanyCode`),
  CONSTRAINT `WorkingTransaction_ibfk_3` FOREIGN KEY (`ToolCode`) REFERENCES `Tools` (`ToolCode`)
) ENGINE=InnoDB AUTO_INCREMENT=337 DEFAULT CHARSET=utf8;

--
-- Dumping data for table `WorkingTransaction`
--

LOCK TABLES `WorkingTransaction` WRITE;
INSERT INTO `WorkingTransaction` VALUES (1,'2019-02-25 05:00:30','VM-3','MFC','MFCSUBACC','','','16EL-8STACME','TRAY_01',2,'2019-02-25 05:00:30','Complete',NULL,'PutIns'),(2,'2019-02-25 05:00:49','VM-3','MFC','MFCSUBACC','','','16EL-8STACME','TRAY_02',2,'2019-02-25 05:00:49','Complete',NULL,'PutIns'),(3,'2019-02-25 05:01:03','VM-3','MFC','MFCSUBACC','','','16EL-8STACME','TRAY_03',2,'2019-02-25 05:01:03','Complete',NULL,'PutIns'),(4,'2019-02-25 05:01:21','VM-3','MFC','MFCSUBACC','','','16EL-8STACME','TRAY_04',2,'2019-02-25 05:01:21','Complete',NULL,'PutIns'),(5,'2019-02-25 05:01:35','VM-3','MFC','MFCSUBACC','','','16EL-8STACME','TRAY_05',2,'2019-02-25 05:01:35','Complete',NULL,'PutIns'),(6,'2019-02-25 05:01:51','VM-3','MFC','MFCSUBACC','','','16EL-8STACME','TRAY_06',2,'2019-02-25 05:01:51','Complete',NULL,'PutIns'),(7,'2019-02-25 05:02:12','VM-3','MFC','MFCSUBACC','','','16EL-8STACME','TRAY_07',2,'2019-02-25 05:02:12','Complete',NULL,'PutIns'),(8,'2019-02-25 05:02:37','VM-3','MFC','MFCSUBACC','','','16EL-8STACME','TRAY_08',2,'2019-02-25 05:02:37','Complete',NULL,'PutIns'),(9,'2019-02-25 05:03:04','VM-3','MFC','MFCSUBACC','','','16EL-8STACME','TRAY_09',2,'2019-02-25 05:03:04','Complete',NULL,'PutIns'),(10,'2019-02-25 05:03:23','VM-3','MFC','MFCSUBACC','','','16EL-8STACME','TRAY_10',2,'2019-02-25 05:03:23','Complete',NULL,'PutIns'),(11,'2019-02-25 05:03:54','VM-3','MFC','111111','1','1','16EL-8STACME','TRAY_10',1,'2019-02-25 05:04:06','ProductOK',NULL,'GetTools'),(12,'2019-02-25 05:42:07','VM-3','MFC','111111','1','1','16EL-8STACME','TRAY_10',1,'2019-02-25 05:42:18','ProductOK',NULL,'GetTools'),(13,'2019-02-25 05:42:27','VM-3','MFC','111111','1','1','16EL-8STACME','TRAY_09',1,'2019-02-25 05:42:39','ProductOK',NULL,'GetTools'),(14,'2019-02-25 05:42:54','VM-3','MFC','111111','1','1','16EL-8STACME','TRAY_09',1,'2019-02-25 05:43:05','ProductOK',NULL,'GetTools'),(15,'2019-02-25 05:43:14','VM-3','MFC','111111','1','1','16EL-8STACME','TRAY_08',1,'2019-02-25 05:43:26','ProductOK',NULL,'GetTools'),(16,'2019-02-25 05:43:36','VM-3','MFC','111111','1','1','16EL-8STACME','TRAY_08',1,'2019-02-25 05:43:47','ProductOK',NULL,'GetTools'),(17,'2019-02-25 05:43:55','VM-3','MFC','111111','1','1','16EL-8STACME','TRAY_07',1,'2019-02-25 05:44:06','ProductOK',NULL,'GetTools'),(18,'2019-02-25 05:44:16','VM-3','MFC','111111','1','1','16EL-8STACME','TRAY_07',1,'2019-02-25 05:44:27','ProductOK',NULL,'GetTools'),(19,'2019-02-25 05:44:36','VM-3','MFC','111111','1','1','16EL-8STACME','TRAY_06',1,'2019-02-25 05:44:47','ProductOK',NULL,'GetTools'),(20,'2019-02-25 05:44:57','VM-3','MFC','111111','1','1','16EL-8STACME','TRAY_06',1,'2019-02-25 05:45:08','ProductOK',NULL,'GetTools'),(21,'2019-02-25 05:45:18','VM-3','MFC','111111','1','1','16EL-8STACME','TRAY_05',1,'2019-02-25 05:45:29','ProductOK',NULL,'GetTools'),(22,'2019-02-25 05:45:37','VM-3','MFC','111111','1','1','16EL-8STACME','TRAY_05',1,'2019-02-25 05:45:49','ProductOK',NULL,'GetTools'),(23,'2019-02-25 05:46:01','VM-3','MFC','111111','1','1','16EL-8STACME','TRAY_04',1,'2019-02-25 05:46:12','ProductOK',NULL,'GetTools'),(24,'2019-02-25 05:46:20','VM-3','MFC','111111','1','1','16EL-8STACME','TRAY_04',1,'2019-02-25 05:46:31','ProductOK',NULL,'GetTools'),(25,'2019-02-25 05:46:40','VM-3','MFC','111111','1','1','16EL-8STACME','TRAY_03',1,'2019-02-25 05:46:51','ProductOK',NULL,'GetTools'),(26,'2019-02-25 05:47:02','VM-3','MFC','111111','1','1','16EL-8STACME','TRAY_03',1,'2019-02-25 05:47:13','ProductOK',NULL,'GetTools'),(27,'2019-02-25 05:47:27','VM-3','MFC','111111','1','1','16EL-8STACME','TRAY_02',1,'2019-02-25 05:47:38','ProductOK',NULL,'GetTools'),(28,'2019-02-25 05:47:46','VM-3','MFC','111111','1','1','16EL-8STACME','TRAY_02',1,'2019-02-25 05:47:58','ProductOK',NULL,'GetTools'),(29,'2019-02-25 05:48:19','VM-3','MFC','111111','1','1','16EL-8STACME','TRAY_01',0,'2019-02-25 05:48:30','ProductFail',NULL,'GetTools'),(30,'2019-02-25 05:48:35','VM-3','MFC','111111','1','1','16EL-8STACME','TRAY_01',1,'2019-02-25 05:48:46','ProductOK',NULL,'GetTools'),(31,'2019-02-25 05:48:56','VM-3','MFC','111111','1','1','16EL-8STACME','TRAY_01',1,'2019-02-25 05:49:07','ProductOK',NULL,'GetTools'),(32,'2019-02-25 05:49:54','VM-3','MFC','MFCSUBACC','','','16EL-8STACME','TRAY_11',2,'2019-02-25 05:49:54','Complete',NULL,'PutIns'),(33,'2019-02-25 05:50:12','VM-3','MFC','MFCSUBACC','','','16EL-8STACME','TRAY_12',2,'2019-02-25 05:50:12','Complete',NULL,'PutIns'),(34,'2019-02-25 05:50:31','VM-3','MFC','MFCSUBACC','','','16EL-8STACME','TRAY_13',2,'2019-02-25 05:50:31','Complete',NULL,'PutIns'),(35,'2019-02-25 05:50:51','VM-3','MFC','MFCSUBACC','','','16EL-8STACME','TRAY_14',2,'2019-02-25 05:50:51','Complete',NULL,'PutIns'),(36,'2019-02-25 05:51:08','VM-3','MFC','MFCSUBACC','','','16EL-8STACME','TRAY_15',2,'2019-02-25 05:51:08','Complete',NULL,'PutIns'),(37,'2019-02-25 05:51:26','VM-3','MFC','MFCSUBACC','','','16EL-8STACME','TRAY_16',2,'2019-02-25 05:51:26','Complete',NULL,'PutIns'),(38,'2019-02-25 05:52:25','VM-3','MFC','MFCSUBACC','','','16EL-8STACME','TRAY_17',2,'2019-02-25 05:52:25','Complete',NULL,'PutIns'),(39,'2019-02-25 05:52:49','VM-3','MFC','MFCSUBACC','','','16EL-8STACME','TRAY_18',2,'2019-02-25 05:52:49','Complete',NULL,'PutIns'),(40,'2019-02-25 05:53:06','VM-3','MFC','MFCSUBACC','','','16EL-8STACME','TRAY_19',2,'2019-02-25 05:53:06','Complete',NULL,'PutIns'),(41,'2019-02-25 05:53:35','VM-3','MFC','MFCSUBACC','','','16EL-8STACME','TRAY_20',2,'2019-02-25 05:53:35','Complete',NULL,'PutIns'),(42,'2019-02-25 05:54:07','VM-3','MFC','111111','1','1','16EL-8STACME','TRAY_20',1,'2019-02-25 05:54:19','ProductOK',NULL,'GetTools'),(43,'2019-02-25 05:54:27','VM-3','MFC','111111','1','1','16EL-8STACME','TRAY_20',1,'2019-02-25 05:54:39','ProductOK',NULL,'GetTools'),(44,'2019-02-25 05:54:47','VM-3','MFC','111111','1','1','16EL-8STACME','TRAY_19',1,'2019-02-25 05:54:58','ProductOK',NULL,'GetTools'),(45,'2019-02-25 05:55:09','VM-3','MFC','111111','1','1','16EL-8STACME','TRAY_19',1,'2019-02-25 05:55:20','ProductOK',NULL,'GetTools'),(46,'2019-02-25 05:55:28','VM-3','MFC','111111','1','1','16EL-8STACME','TRAY_18',1,'2019-02-25 05:55:39','ProductOK',NULL,'GetTools'),(47,'2019-02-25 05:55:49','VM-3','MFC','111111','1','1','16EL-8STACME','TRAY_18',1,'2019-02-25 05:56:00','ProductOK',NULL,'GetTools'),(48,'2019-02-25 05:56:08','VM-3','MFC','111111','1','1','16EL-8STACME','TRAY_17',1,'2019-02-25 05:56:20','ProductOK',NULL,'GetTools'),(49,'2019-02-25 05:56:32','VM-3','MFC','111111','1','1','16EL-8STACME','TRAY_17',1,'2019-02-25 05:56:43','ProductOK',NULL,'GetTools'),(50,'2019-02-25 05:56:53','VM-3','MFC','111111','1','1','16EL-8STACME','TRAY_16',1,'2019-02-25 05:57:04','ProductOK',NULL,'GetTools'),(51,'2019-02-25 05:57:12','VM-3','MFC','111111','1','1','16EL-8STACME','TRAY_16',1,'2019-02-25 05:57:23','ProductOK',NULL,'GetTools'),(52,'2019-02-25 05:57:47','VM-3','MFC','111111','1','1','16EL-8STACME','TRAY_15',1,'2019-02-25 05:57:59','ProductOK',NULL,'GetTools'),(53,'2019-02-25 05:58:09','VM-3','MFC','111111','1','1','16EL-8STACME','TRAY_15',1,'2019-02-25 05:58:21','ProductOK',NULL,'GetTools'),(54,'2019-02-25 05:58:29','VM-3','MFC','111111','1','1','16EL-8STACME','TRAY_14',1,'2019-02-25 05:58:40','ProductOK',NULL,'GetTools'),(55,'2019-02-25 05:58:50','VM-3','MFC','111111','1','1','16EL-8STACME','TRAY_14',1,'2019-02-25 05:59:01','ProductOK',NULL,'GetTools'),(56,'2019-02-25 05:59:12','VM-3','MFC','111111','1','1','16EL-8STACME','TRAY_13',1,'2019-02-25 05:59:23','ProductOK',NULL,'GetTools'),(57,'2019-02-25 05:59:54','VM-3','MFC','111111','1','1','16EL-8STACME','TRAY_13',1,'2019-02-25 06:00:06','ProductOK',NULL,'GetTools'),(58,'2019-02-25 06:00:13','VM-3','MFC','111111','1','1','16EL-8STACME','TRAY_12',1,'2019-02-25 06:00:24','ProductOK',NULL,'GetTools'),(59,'2019-02-25 06:00:45','VM-3','MFC','111111','1','1','16EL-8STACME','TRAY_12',1,'2019-02-25 06:00:56','ProductOK',NULL,'GetTools'),(60,'2019-02-25 06:01:04','VM-3','MFC','111111','1','1','16EL-8STACME','TRAY_11',0,'2019-02-25 06:01:15','ProductFail',NULL,'GetTools'),(61,'2019-02-25 06:01:26','VM-3','MFC','111111','1','1','16EL-8STACME','TRAY_11',1,'2019-02-25 06:01:38','ProductOK',NULL,'GetTools'),(62,'2019-02-25 06:01:45','VM-3','MFC','111111','1','1','16EL-8STACME','TRAY_11',0,'2019-02-25 06:01:57','ProductFail',NULL,'GetTools'),(63,'2019-02-25 06:02:07','VM-3','MFC','111111','1','1','16EL-8STACME','TRAY_11',1,'2019-02-25 06:02:19','ProductOK',NULL,'GetTools'),(64,'2019-02-25 06:06:07','VM-3','MFC','MFCSUBACC','','','16EL-8STACME','TRAY_21',2,'2019-02-25 06:06:07','Complete',NULL,'PutIns'),(65,'2019-02-25 06:06:28','VM-3','MFC','MFCSUBACC','','','16EL-8STACME','TRAY_22',2,'2019-02-25 06:06:28','Complete',NULL,'PutIns'),(66,'2019-02-25 06:06:47','VM-3','MFC','MFCSUBACC','','','16EL-8STACME','TRAY_23',2,'2019-02-25 06:06:47','Complete',NULL,'PutIns'),(67,'2019-02-25 06:07:07','VM-3','MFC','MFCSUBACC','','','16EL-8STACME','TRAY_24',2,'2019-02-25 06:07:07','Complete',NULL,'PutIns'),(68,'2019-02-25 06:07:37','VM-3','MFC','MFCSUBACC','','','16EL-8STACME','TRAY_25',2,'2019-02-25 06:07:37','Complete',NULL,'PutIns'),(69,'2019-02-25 06:08:00','VM-3','MFC','MFCSUBACC','','','16EL-8STACME','TRAY_26',2,'2019-02-25 06:08:00','Complete',NULL,'PutIns'),(70,'2019-02-25 06:08:32','VM-3','MFC','MFCSUBACC','','','16EL-8STACME','TRAY_27',2,'2019-02-25 06:08:32','Complete',NULL,'PutIns'),(71,'2019-02-25 06:08:54','VM-3','MFC','MFCSUBACC','','','16EL-8STACME','TRAY_28',2,'2019-02-25 06:08:54','Complete',NULL,'PutIns'),(72,'2019-02-25 06:09:14','VM-3','MFC','MFCSUBACC','','','16EL-8STACME','TRAY_29',2,'2019-02-25 06:09:14','Complete',NULL,'PutIns'),(73,'2019-02-25 06:09:32','VM-3','MFC','MFCSUBACC','','','16EL-8STACME','TRAY_30',2,'2019-02-25 06:09:32','Complete',NULL,'PutIns'),(74,'2019-02-25 06:10:16','VM-3','MFC','MFCSUBACC','','','16EL-8STACME','TRAY_31',2,'2019-02-25 06:10:16','Complete',NULL,'PutIns'),(75,'2019-02-25 06:10:38','VM-3','MFC','MFCSUBACC','','','16EL-8STACME','TRAY_32',2,'2019-02-25 06:10:38','Complete',NULL,'PutIns'),(76,'2019-02-25 06:10:56','VM-3','MFC','MFCSUBACC','','','16EL-8STACME','TRAY_33',2,'2019-02-25 06:10:56','Complete',NULL,'PutIns'),(77,'2019-02-25 06:11:11','VM-3','MFC','MFCSUBACC','','','16EL-8STACME','TRAY_34',2,'2019-02-25 06:11:11','Complete',NULL,'PutIns'),(78,'2019-02-25 06:11:26','VM-3','MFC','MFCSUBACC','','','16ER-8STACME','TRAY_35',2,'2019-02-25 06:11:26','Complete',NULL,'PutIns'),(79,'2019-02-25 06:11:42','VM-3','MFC','MFCSUBACC','','','16EL-8STACME','TRAY_36',2,'2019-02-25 06:11:42','Complete',NULL,'PutIns'),(80,'2019-02-25 06:11:56','VM-3','MFC','MFCSUBACC','','','16EL-8STACME','TRAY_37',2,'2019-02-25 06:11:56','Complete',NULL,'PutIns'),(81,'2019-02-25 06:12:14','VM-3','MFC','MFCSUBACC','','','16EL-8STACME','TRAY_38',2,'2019-02-25 06:12:14','Complete',NULL,'PutIns'),(82,'2019-02-25 06:12:30','VM-3','MFC','MFCSUBACC','','','16EL-8STACME','TRAY_39',2,'2019-02-25 06:12:30','Complete',NULL,'PutIns'),(83,'2019-02-25 06:12:45','VM-3','MFC','MFCSUBACC','','','16EL-8STACME','TRAY_40',2,'2019-02-25 06:12:45','Complete',NULL,'PutIns'),(84,'2019-02-25 06:13:16','VM-3','MFC','111111','1','1','16EL-8STACME','TRAY_40',1,'2019-02-25 06:13:28','ProductOK',NULL,'GetTools'),(85,'2019-02-25 06:13:35','VM-3','MFC','111111','1','1','16EL-8STACME','TRAY_40',1,'2019-02-25 06:13:47','ProductOK',NULL,'GetTools'),(86,'2019-02-25 06:13:56','VM-3','MFC','111111','1','1','16EL-8STACME','TRAY_39',1,'2019-02-25 06:14:07','ProductOK',NULL,'GetTools'),(87,'2019-02-25 06:14:18','VM-3','MFC','111111','1','1','16EL-8STACME','TRAY_39',1,'2019-02-25 06:14:29','ProductOK',NULL,'GetTools'),(88,'2019-02-25 06:14:38','VM-3','MFC','111111','1','1','16EL-8STACME','TRAY_38',1,'2019-02-25 06:14:49','ProductOK',NULL,'GetTools'),(89,'2019-02-25 06:14:58','VM-3','MFC','111111','1','1','16EL-8STACME','TRAY_38',1,'2019-02-25 06:15:09','ProductOK',NULL,'GetTools'),(90,'2019-02-25 06:15:19','VM-3','MFC','111111','1','1','16EL-8STACME','TRAY_37',1,'2019-02-25 06:15:31','ProductOK',NULL,'GetTools'),(91,'2019-02-25 06:15:40','VM-3','MFC','111111','1','1','16EL-8STACME','TRAY_37',1,'2019-02-25 06:15:51','ProductOK',NULL,'GetTools'),(92,'2019-02-25 06:16:00','VM-3','MFC','111111','1','1','16EL-8STACME','TRAY_36',1,'2019-02-25 06:16:11','ProductOK',NULL,'GetTools'),(93,'2019-02-25 06:16:30','VM-3','MFC','111111','1','1','16EL-8STACME','TRAY_36',1,'2019-02-25 06:16:41','ProductOK',NULL,'GetTools'),(94,'2019-02-25 06:17:02','VM-3','MFC','111111','1','1','16EL-8STACME','TRAY_34',1,'2019-02-25 06:17:13','ProductOK',NULL,'GetTools'),(95,'2019-02-25 06:17:24','VM-3','MFC','111111','1','1','16EL-8STACME','TRAY_34',1,'2019-02-25 06:17:35','ProductOK',NULL,'GetTools'),(96,'2019-02-25 06:17:45','VM-3','MFC','111111','1','1','16EL-8STACME','TRAY_33',1,'2019-02-25 06:17:56','ProductOK',NULL,'GetTools'),(97,'2019-02-25 06:18:06','VM-3','MFC','111111','1','1','16EL-8STACME','TRAY_33',1,'2019-02-25 06:18:17','ProductOK',NULL,'GetTools'),(98,'2019-02-25 06:18:27','VM-3','MFC','111111','1','1','16EL-8STACME','TRAY_32',1,'2019-02-25 06:18:38','ProductOK',NULL,'GetTools'),(99,'2019-02-25 06:18:50','VM-3','MFC','111111','1','1','16EL-8STACME','TRAY_32',1,'2019-02-25 06:19:01','ProductOK',NULL,'GetTools'),(100,'2019-02-25 06:19:18','VM-3','MFC','111111','1','1','16EL-8STACME','TRAY_31',0,'2019-02-25 06:19:29','ProductFail',NULL,'GetTools'),(101,'2019-02-25 06:19:36','VM-3','MFC','111111','1','1','16EL-8STACME','TRAY_31',1,'2019-02-25 06:19:47','ProductOK',NULL,'GetTools'),(102,'2019-02-25 06:20:00','VM-3','MFC','111111','1','1','16EL-8STACME','TRAY_31',1,'2019-02-25 06:20:11','ProductOK',NULL,'GetTools'),(103,'2019-02-25 06:21:45','VM-3','MFC','111111','1','1','16EL-8STACME','TRAY_30',1,'2019-02-25 06:21:56','ProductOK',NULL,'GetTools'),(104,'2019-02-25 06:22:05','VM-3','MFC','111111','1','1','16EL-8STACME','TRAY_30',1,'2019-02-25 06:22:16','ProductOK',NULL,'GetTools'),(105,'2019-02-25 06:22:27','VM-3','MFC','111111','1','1','16EL-8STACME','TRAY_29',1,'2019-02-25 06:22:38','ProductOK',NULL,'GetTools'),(106,'2019-02-25 06:22:47','VM-3','MFC','111111','1','1','16EL-8STACME','TRAY_29',1,'2019-02-25 06:22:59','ProductOK',NULL,'GetTools'),(107,'2019-02-25 06:23:09','VM-3','MFC','111111','1','1','16EL-8STACME','TRAY_28',1,'2019-02-25 06:23:20','ProductOK',NULL,'GetTools'),(108,'2019-02-25 06:23:30','VM-3','MFC','111111','1','1','16EL-8STACME','TRAY_28',1,'2019-02-25 06:23:41','ProductOK',NULL,'GetTools'),(109,'2019-02-25 06:24:12','VM-3','MFC','111111','1','1','16EL-8STACME','TRAY_27',1,'2019-02-25 06:24:24','ProductOK',NULL,'GetTools'),(110,'2019-02-25 06:24:34','VM-3','MFC','111111','1','1','16EL-8STACME','TRAY_27',1,'2019-02-25 06:24:46','ProductOK',NULL,'GetTools'),(111,'2019-02-25 06:24:55','VM-3','MFC','111111','1','1','16EL-8STACME','TRAY_26',1,'2019-02-25 06:25:07','ProductOK',NULL,'GetTools'),(112,'2019-02-25 06:25:16','VM-3','MFC','111111','1','1','16EL-8STACME','TRAY_26',1,'2019-02-25 06:25:28','ProductOK',NULL,'GetTools'),(113,'2019-02-25 06:25:48','VM-3','MFC','111111','1','1','16EL-8STACME','TRAY_25',1,'2019-02-25 06:26:00','ProductOK',NULL,'GetTools'),(114,'2019-02-25 06:26:09','VM-3','MFC','111111','1','1','16EL-8STACME','TRAY_25',1,'2019-02-25 06:26:20','ProductOK',NULL,'GetTools'),(115,'2019-02-25 06:26:30','VM-3','MFC','111111','1','1','16EL-8STACME','TRAY_24',1,'2019-02-25 06:26:41','ProductOK',NULL,'GetTools'),(116,'2019-02-25 06:26:50','VM-3','MFC','111111','1','1','16EL-8STACME','TRAY_24',1,'2019-02-25 06:27:01','ProductOK',NULL,'GetTools'),(117,'2019-02-25 06:27:10','VM-3','MFC','111111','1','1','16EL-8STACME','TRAY_23',1,'2019-02-25 06:27:21','ProductOK',NULL,'GetTools'),(118,'2019-02-25 06:27:30','VM-3','MFC','111111','1','1','16EL-8STACME','TRAY_23',1,'2019-02-25 06:27:42','ProductOK',NULL,'GetTools'),(119,'2019-02-25 06:27:56','VM-3','MFC','111111','1','1','16EL-8STACME','TRAY_22',1,'2019-02-25 06:28:07','ProductOK',NULL,'GetTools'),(120,'2019-02-25 06:28:16','VM-3','MFC','111111','1','1','16EL-8STACME','TRAY_22',1,'2019-02-25 06:28:27','ProductOK',NULL,'GetTools'),(121,'2019-02-25 06:28:34','VM-3','MFC','111111','1','1','16EL-8STACME','TRAY_21',0,'2019-02-25 06:28:46','ProductFail',NULL,'GetTools'),(122,'2019-02-25 06:28:53','VM-3','MFC','111111','1','1','16EL-8STACME','TRAY_21',1,'2019-02-25 06:29:04','ProductOK',NULL,'GetTools'),(123,'2019-02-25 06:29:12','VM-3','MFC','111111','1','1','16EL-8STACME','TRAY_21',1,'2019-02-25 06:29:24','ProductOK',NULL,'GetTools'),(124,'2019-02-25 06:29:51','VM-3','MFC','111111','1','1','16ER-8STACME','TRAY_35',1,'2019-02-25 06:30:03','ProductOK',NULL,'GetTools'),(125,'2019-02-25 06:30:13','VM-3','MFC','111111','1','1','16ER-8STACME','TRAY_35',1,'2019-02-25 06:30:24','ProductOK',NULL,'GetTools'),(126,'2019-02-25 06:33:19','VM-3','MFC','MFCSUBACC','','','16EL-8STACME','TRAY_41',2,'2019-02-25 06:33:19','Complete',NULL,'PutIns'),(127,'2019-02-25 06:33:36','VM-3','MFC','MFCSUBACC','','','16EL-8STACME','TRAY_42',2,'2019-02-25 06:33:36','Complete',NULL,'PutIns'),(128,'2019-02-25 06:33:51','VM-3','MFC','MFCSUBACC','','','16EL-8STACME','TRAY_43',2,'2019-02-25 06:33:51','Complete',NULL,'PutIns'),(129,'2019-02-25 06:34:06','VM-3','MFC','MFCSUBACC','','','16EL-8STACME','TRAY_44',2,'2019-02-25 06:34:06','Complete',NULL,'PutIns'),(130,'2019-02-25 06:34:26','VM-3','MFC','MFCSUBACC','','','16EL-8STACME','TRAY_45',2,'2019-02-25 06:34:26','Complete',NULL,'PutIns'),(131,'2019-02-25 06:34:47','VM-3','MFC','MFCSUBACC','','','16EL-8STACME','TRAY_46',2,'2019-02-25 06:34:47','Complete',NULL,'PutIns'),(132,'2019-02-25 06:35:15','VM-3','MFC','MFCSUBACC','','','16EL-8STACME','TRAY_47',2,'2019-02-25 06:35:15','Complete',NULL,'PutIns'),(133,'2019-02-25 06:35:39','VM-3','MFC','MFCSUBACC','','','16EL-8STACME','TRAY_48',2,'2019-02-25 06:35:39','Complete',NULL,'PutIns'),(134,'2019-02-25 06:35:58','VM-3','MFC','MFCSUBACC','','','16EL-8STACME','TRAY_49',2,'2019-02-25 06:35:58','Complete',NULL,'PutIns'),(135,'2019-02-25 06:36:21','VM-3','MFC','MFCSUBACC','','','16EL-8STACME','TRAY_50',2,'2019-02-25 06:36:21','Complete',NULL,'PutIns'),(136,'2019-02-25 06:36:41','VM-3','MFC','MFCSUBACC','','','16EL-8STACME','TRAY_51',2,'2019-02-25 06:36:41','Complete',NULL,'PutIns'),(137,'2019-02-25 06:36:58','VM-3','MFC','MFCSUBACC','','','16EL-8STACME','TRAY_52',2,'2019-02-25 06:36:58','Complete',NULL,'PutIns'),(138,'2019-02-25 06:37:22','VM-3','MFC','MFCSUBACC','','','16EL-8STACME','TRAY_53',2,'2019-02-25 06:37:22','Complete',NULL,'PutIns'),(139,'2019-02-25 06:37:48','VM-3','MFC','MFCSUBACC','','','16EL-8STACME','TRAY_54',2,'2019-02-25 06:37:48','Complete',NULL,'PutIns'),(140,'2019-02-25 06:38:10','VM-3','MFC','MFCSUBACC','','','16EL-8STACME','TRAY_55',2,'2019-02-25 06:38:10','Complete',NULL,'PutIns'),(141,'2019-02-25 06:38:31','VM-3','MFC','MFCSUBACC','','','16EL-8STACME','TRAY_56',2,'2019-02-25 06:38:31','Complete',NULL,'PutIns'),(142,'2019-02-25 06:38:58','VM-3','MFC','MFCSUBACC','','','16EL-8STACME','TRAY_57',2,'2019-02-25 06:38:58','Complete',NULL,'PutIns'),(143,'2019-02-25 06:39:15','VM-3','MFC','MFCSUBACC','','','16EL-8STACME','TRAY_58',2,'2019-02-25 06:39:15','Complete',NULL,'PutIns'),(144,'2019-02-25 06:39:32','VM-3','MFC','MFCSUBACC','','','16EL-8STACME','TRAY_59',2,'2019-02-25 06:39:32','Complete',NULL,'PutIns'),(145,'2019-02-25 06:39:48','VM-3','MFC','MFCSUBACC','','','16EL-8STACME','TRAY_60',2,'2019-02-25 06:39:48','Complete',NULL,'PutIns'),(146,'2019-02-25 06:40:16','VM-3','MFC','111111','1','1','16EL-8STACME','TRAY_60',1,'2019-02-25 06:40:28','ProductOK',NULL,'GetTools'),(147,'2019-02-25 06:40:38','VM-3','MFC','111111','1','1','16EL-8STACME','TRAY_60',1,'2019-02-25 06:40:49','ProductOK',NULL,'GetTools'),(148,'2019-02-25 06:41:01','VM-3','MFC','111111','1','1','16EL-8STACME','TRAY_59',1,'2019-02-25 06:41:12','ProductOK',NULL,'GetTools'),(149,'2019-02-25 06:41:23','VM-3','MFC','111111','1','1','16EL-8STACME','TRAY_59',1,'2019-02-25 06:41:34','ProductOK',NULL,'GetTools'),(150,'2019-02-25 06:41:43','VM-3','MFC','111111','1','1','16EL-8STACME','TRAY_58',1,'2019-02-25 06:41:55','ProductOK',NULL,'GetTools'),(151,'2019-02-25 06:42:04','VM-3','MFC','111111','1','1','16EL-8STACME','TRAY_58',1,'2019-02-25 06:42:16','ProductOK',NULL,'GetTools'),(152,'2019-02-25 06:43:26','VM-3','MFC','111111','1','1','16EL-8STACME','TRAY_57',1,'2019-02-25 06:43:37','ProductOK',NULL,'GetTools'),(153,'2019-02-25 06:43:45','VM-3','MFC','111111','1','1','16EL-8STACME','TRAY_57',1,'2019-02-25 06:43:56','ProductOK',NULL,'GetTools'),(154,'2019-02-25 06:44:04','VM-3','MFC','111111','1','1','16EL-8STACME','TRAY_56',1,'2019-02-25 06:44:15','ProductOK',NULL,'GetTools'),(155,'2019-02-25 06:44:26','VM-3','MFC','111111','1','1','16EL-8STACME','TRAY_56',1,'2019-02-25 06:44:38','ProductOK',NULL,'GetTools'),(156,'2019-02-25 06:44:49','VM-3','MFC','111111','1','1','16EL-8STACME','TRAY_55',1,'2019-02-25 06:45:00','ProductOK',NULL,'GetTools'),(157,'2019-02-25 06:45:09','VM-3','MFC','111111','1','1','16EL-8STACME','TRAY_55',1,'2019-02-25 06:45:21','ProductOK',NULL,'GetTools'),(158,'2019-02-25 06:45:29','VM-3','MFC','111111','1','1','16EL-8STACME','TRAY_54',1,'2019-02-25 06:45:41','ProductOK',NULL,'GetTools'),(159,'2019-02-25 06:45:50','VM-3','MFC','111111','1','1','16EL-8STACME','TRAY_54',1,'2019-02-25 06:46:01','ProductOK',NULL,'GetTools'),(160,'2019-02-25 06:46:13','VM-3','MFC','111111','1','1','16EL-8STACME','TRAY_53',1,'2019-02-25 06:46:25','ProductOK',NULL,'GetTools'),(161,'2019-02-25 06:46:34','VM-3','MFC','111111','1','1','16EL-8STACME','TRAY_53',1,'2019-02-25 06:46:46','ProductOK',NULL,'GetTools'),(162,'2019-02-25 06:46:58','VM-3','MFC','111111','1','1','16EL-8STACME','TRAY_52',1,'2019-02-25 06:47:09','ProductOK',NULL,'GetTools'),(163,'2019-02-25 06:47:18','VM-3','MFC','111111','1','1','16EL-8STACME','TRAY_52',1,'2019-02-25 06:47:29','ProductOK',NULL,'GetTools'),(164,'2019-02-25 06:47:38','VM-3','MFC','111111','1','1','16EL-8STACME','TRAY_51',1,'2019-02-25 06:47:50','ProductOK',NULL,'GetTools'),(165,'2019-02-25 06:47:58','VM-3','MFC','111111','1','1','16EL-8STACME','TRAY_51',1,'2019-02-25 06:48:10','ProductOK',NULL,'GetTools'),(166,'2019-02-25 06:48:19','VM-3','MFC','111111','1','1','16EL-8STACME','TRAY_50',1,'2019-02-25 06:48:30','ProductOK',NULL,'GetTools'),(167,'2019-02-25 06:48:39','VM-3','MFC','111111','1','1','16EL-8STACME','TRAY_50',1,'2019-02-25 06:48:50','ProductOK',NULL,'GetTools'),(168,'2019-02-25 06:49:02','VM-3','MFC','111111','1','1','16EL-8STACME','TRAY_49',1,'2019-02-25 06:49:14','ProductOK',NULL,'GetTools'),(169,'2019-02-25 06:49:23','VM-3','MFC','111111','1','1','16EL-8STACME','TRAY_49',1,'2019-02-25 06:49:34','ProductOK',NULL,'GetTools'),(170,'2019-02-25 06:49:44','VM-3','MFC','111111','1','1','16EL-8STACME','TRAY_48',1,'2019-02-25 06:49:55','ProductOK',NULL,'GetTools'),(171,'2019-02-25 06:50:21','VM-3','MFC','111111','1','1','16EL-8STACME','TRAY_48',1,'2019-02-25 06:50:32','ProductOK',NULL,'GetTools'),(172,'2019-02-25 06:50:42','VM-3','MFC','111111','1','1','16EL-8STACME','TRAY_47',1,'2019-02-25 06:50:53','ProductOK',NULL,'GetTools'),(173,'2019-02-25 06:51:05','VM-3','MFC','111111','1','1','16EL-8STACME','TRAY_47',1,'2019-02-25 06:51:17','ProductOK',NULL,'GetTools'),(174,'2019-02-25 06:51:26','VM-3','MFC','111111','1','1','16EL-8STACME','TRAY_46',1,'2019-02-25 06:51:37','ProductOK',NULL,'GetTools'),(175,'2019-02-25 06:51:48','VM-3','MFC','111111','1','1','16EL-8STACME','TRAY_46',1,'2019-02-25 06:51:59','ProductOK',NULL,'GetTools'),(176,'2019-02-25 06:52:09','VM-3','MFC','111111','1','1','16EL-8STACME','TRAY_45',1,'2019-02-25 06:52:20','ProductOK',NULL,'GetTools'),(177,'2019-02-25 06:52:36','VM-3','MFC','111111','1','1','16EL-8STACME','TRAY_45',1,'2019-02-25 06:52:47','ProductOK',NULL,'GetTools'),(178,'2019-02-25 06:52:58','VM-3','MFC','111111','1','1','16EL-8STACME','TRAY_44',1,'2019-02-25 06:53:09','ProductOK',NULL,'GetTools'),(179,'2019-02-25 06:53:32','VM-3','MFC','111111','1','1','16EL-8STACME','TRAY_44',1,'2019-02-25 06:53:43','ProductOK',NULL,'GetTools'),(180,'2019-02-25 06:53:52','VM-3','MFC','111111','1','1','16EL-8STACME','TRAY_43',1,'2019-02-25 06:54:04','ProductOK',NULL,'GetTools'),(181,'2019-02-25 06:54:13','VM-3','MFC','111111','1','1','16EL-8STACME','TRAY_43',1,'2019-02-25 06:54:25','ProductOK',NULL,'GetTools'),(182,'2019-02-25 06:54:33','VM-3','MFC','111111','1','1','16EL-8STACME','TRAY_42',1,'2019-02-25 06:54:44','ProductOK',NULL,'GetTools'),(183,'2019-02-25 06:54:54','VM-3','MFC','111111','1','1','16EL-8STACME','TRAY_42',1,'2019-02-25 06:55:05','ProductOK',NULL,'GetTools'),(184,'2019-02-25 06:55:14','VM-3','MFC','111111','1','1','16EL-8STACME','TRAY_41',0,'2019-02-25 06:55:26','ProductFail',NULL,'GetTools'),(185,'2019-02-25 06:55:32','VM-3','MFC','111111','1','1','16EL-8STACME','TRAY_41',1,'2019-02-25 06:55:44','ProductOK',NULL,'GetTools'),(186,'2019-02-25 07:03:54','VM-3','MFC','MFCSUBACC','','','16EL-8STACME','TRAY_01',1,'2019-02-25 07:03:54','Complete',NULL,'PutIns'),(187,'2019-02-25 07:04:13','VM-3','MFC','MFCSUBACC','','','16EL-8STACME','TRAY_02',1,'2019-02-25 07:04:13','Complete',NULL,'PutIns'),(188,'2019-02-25 07:04:31','VM-3','MFC','MFCSUBACC','','','16EL-8STACME','TRAY_03',1,'2019-02-25 07:04:31','Complete',NULL,'PutIns'),(189,'2019-02-25 07:04:49','VM-3','MFC','MFCSUBACC','','','16EL-8STACME','TRAY_04',1,'2019-02-25 07:04:49','Complete',NULL,'PutIns'),(190,'2019-02-25 07:05:06','VM-3','MFC','MFCSUBACC','','','16EL-8STACME','TRAY_05',1,'2019-02-25 07:05:06','Complete',NULL,'PutIns'),(191,'2019-02-25 07:10:11','VM-3','MFC','111111','1','1','16EL-8STACME','TRAY_41',0,'2019-02-25 07:10:22','ProductFail',NULL,'GetTools'),(192,'2019-02-25 07:10:28','VM-3','MFC','111111','1','1','16EL-8STACME','TRAY_41',0,'2019-02-25 07:10:40','ProductFail',NULL,'GetTools'),(193,'2019-02-25 07:10:47','VM-3','MFC','111111','1','1','16EL-8STACME','TRAY_41',0,'2019-02-25 07:10:58','ProductFail',NULL,'GetTools'),(194,'2019-02-25 07:11:08','VM-3','MFC','111111','1','1','16EL-8STACME','TRAY_41',0,'2019-02-25 07:11:20','ProductFail',NULL,'GetTools'),(195,'2019-02-25 07:12:00','VM-3','MFC','111111','1','1','16EL-8STACME','TRAY_41',1,'2019-02-25 07:12:12','ProductOK',NULL,'GetTools'),(196,'2019-02-25 07:12:27','VM-3','MFC','111111','1','1','16EL-8STACME','TRAY_05',1,'2019-02-25 07:12:39','ProductOK',NULL,'GetTools'),(197,'2019-02-25 07:12:48','VM-3','MFC','111111','1','1','16EL-8STACME','TRAY_04',1,'2019-02-25 07:12:59','ProductOK',NULL,'GetTools'),(198,'2019-02-25 07:13:25','VM-3','MFC','111111','1','1','16EL-8STACME','TRAY_03',1,'2019-02-25 07:13:36','ProductOK',NULL,'GetTools'),(199,'2019-02-25 07:13:45','VM-3','MFC','111111','1','1','16EL-8STACME','TRAY_02',1,'2019-02-25 07:13:56','ProductOK',NULL,'GetTools'),(200,'2019-02-25 07:14:04','VM-3','MFC','111111','1','1','16EL-8STACME','TRAY_01',1,'2019-02-25 07:14:16','ProductOK',NULL,'GetTools'),(201,'2019-03-02 02:47:35','VM-3','MFC','MFCSUBACC','','','16EL-8STACME','TRAY_33',1,'2019-03-02 02:47:35','Complete',NULL,'PutIns'),(202,'2019-03-02 02:48:23','VM-3','MFC','MFCSUBACC','','','16ER-8STACME','TRAY_34',2,'2019-03-02 02:48:23','Complete',NULL,'PutIns'),(203,'2019-03-02 02:49:42','VM-3','MFC','MFCSUBACC','','','16EL-8STACME','TRAY_33',0,'2019-03-02 02:49:42','Complete',NULL,'TakeOver'),(204,'2018-11-09 23:16:35','VM-1','VINAMOILTOOLS','ACCT','','','16IL-8STACME','TRAY_49',10,'2018-11-09 23:16:35','Complete',NULL,'PutIns'),(205,'2018-11-09 23:17:20','VM-1','VINAMOILTOOLS','ACCT','','','16IR-8STACME','TRAY_50',10,'2018-11-09 23:17:20','Complete',NULL,'PutIns'),(206,'2018-11-09 23:17:59','VM-1','VINAMOILTOOLS','ACCT','','','3300265WXMSGPS','TRAY_16',3,'2018-11-09 23:17:59','Complete',NULL,'PutIns'),(207,'2018-11-09 23:18:29','VM-1','VINAMOILTOOLS','ACCT','','','5/16-18UNC','TRAY_12',3,'2018-11-09 23:18:29','Complete',NULL,'PutIns'),(208,'2018-11-09 23:19:01','VM-1','VINAMOILTOOLS','ACCT','','','5/16-24UNF','TRAY_03',1,'2018-11-09 23:19:01','Complete',NULL,'PutIns'),(209,'2018-11-09 23:20:10','VM-1','VINAMOILTOOLS','ACCT','','','880-070406H-C-GM1044','TRAY_39',10,'2018-11-09 23:20:10','Complete',NULL,'PutIns'),(210,'2018-11-09 23:20:42','VM-1','VINAMOILTOOLS','ACCT','','','880-090608H-C-LM1144','TRAY_38',9,'2018-11-09 23:20:42','Complete',NULL,'PutIns'),(211,'2018-11-09 23:21:13','VM-1','VINAMOILTOOLS','ACCT','','','880-0906W10H-P-LM4344','TRAY_37',9,'2018-11-09 23:21:13','Complete',NULL,'PutIns'),(212,'2018-11-09 23:21:45','VM-1','VINAMOILTOOLS','ACCT','','','9/16-18UNF','TRAY_27',3,'2018-11-09 23:21:45','Complete',NULL,'PutIns'),(213,'2018-11-09 23:22:25','VM-1','VINAMOILTOOLS','ACCT','','','AF60135-065TIALN','TRAY_30',1,'2018-11-09 23:22:25','Complete',NULL,'PutIns'),(214,'2018-11-09 23:23:03','VM-1','VINAMOILTOOLS','ACCT','','','APMT1604PDER-M2TI960','TRAY_40',10,'2018-11-09 23:23:03','Complete',NULL,'PutIns'),(215,'2018-11-09 23:23:47','VM-1','VINAMOILTOOLS','ACCT','','','CCMT120408GKCA525','TRAY_35',10,'2018-11-09 23:23:47','Complete',NULL,'PutIns'),(216,'2018-11-09 23:24:19','VM-1','VINAMOILTOOLS','ACCT','','','CDRA03016','TRAY_19',4,'2018-11-09 23:24:19','Complete',NULL,'PutIns'),(217,'2018-11-09 23:25:27','VM-1','VINAMOILTOOLS','ACCT','','','CDRA03042','TRAY_18',4,'2018-11-09 23:25:27','Complete',NULL,'PutIns'),(218,'2018-11-09 23:26:08','VM-1','VINAMOILTOOLS','ACCT','','','CDRA03051','TRAY_20',1,'2018-11-09 23:26:08','Complete',NULL,'PutIns'),(219,'2018-11-09 23:26:53','VM-1','VINAMOILTOOLS','ACCT','','','CPMH090308PR1425','TRAY_36',10,'2018-11-09 23:26:53','Complete',NULL,'PutIns'),(220,'2018-11-09 23:27:30','VM-1','VINAMOILTOOLS','ACCT','','','DCMT11T308PM4325','TRAY_31',8,'2018-11-09 23:27:30','Complete',NULL,'PutIns'),(221,'2018-11-09 23:28:21','VM-1','VINAMOILTOOLS','ACCT','','','DNMG110408PM4325','TRAY_32',10,'2018-11-09 23:28:21','Complete',NULL,'PutIns'),(222,'2018-11-09 23:28:59','VM-1','VINAMOILTOOLS','ACCT','','','DNMG150408MSPR1310','TRAY_33',10,'2018-11-09 23:28:59','Complete',NULL,'PutIns'),(223,'2018-11-09 23:29:38','VM-1','VINAMOILTOOLS','ACCT','','','DTE4-040AH725','TRAY_34',10,'2018-11-09 23:29:38','Complete',NULL,'PutIns'),(224,'2018-11-09 23:30:24','VM-1','VINAMOILTOOLS','ACCT','','','M5-0.8','TRAY_01',2,'2018-11-09 23:30:24','Complete',NULL,'PutIns'),(225,'2018-11-09 23:31:25','VM-1','VINAMOILTOOLS','ACCT','','','MPHCR080-0.5','TRAY_26',1,'2018-11-09 23:31:25','Complete',NULL,'PutIns'),(226,'2018-11-09 23:32:37','VM-1','VINAMOILTOOLS','ACCT','','','TOTIME55-060R-A','TRAY_58',3,'2018-11-09 23:32:37','Complete',NULL,'PutIns'),(227,'2018-11-09 23:33:14','VM-1','VINAMOILTOOLS','ACCT','','','TOTIME55-060R-S','TRAY_22',9,'2018-11-09 23:33:14','Complete',NULL,'PutIns'),(228,'2018-11-09 23:33:57','VM-1','VINAMOILTOOLS','ACCT','','','TOTIME55-060S-50','TRAY_59',5,'2018-11-09 23:33:57','Complete',NULL,'PutIns'),(229,'2018-11-09 23:35:08','VM-1','VINAMOILTOOLS','ACCT','','','TOTIME55-080R-S','TRAY_21',10,'2018-11-09 23:35:08','Complete',NULL,'PutIns'),(230,'2018-11-09 23:35:39','VM-1','VINAMOILTOOLS','ACCT','','','TOTIME55-080S-60','TRAY_25',1,'2018-11-09 23:35:39','Complete',NULL,'PutIns'),(231,'2018-11-09 23:36:21','VM-1','VINAMOILTOOLS','ACCT','','','TOTIME55-100R-S','TRAY_24',9,'2018-11-09 23:36:21','Complete',NULL,'PutIns'),(232,'2018-11-09 23:37:05','VM-1','VINAMOILTOOLS','ACCT','','','TOTIME55-100S-75','TRAY_23',5,'2018-11-09 23:37:05','Complete',NULL,'PutIns'),(233,'2018-11-09 23:37:44','VM-1','VINAMOILTOOLS','ACCT','','','TOTIME55-120S-75','TRAY_57',6,'2018-11-09 23:37:44','Complete',NULL,'PutIns'),(234,'2018-11-09 23:38:19','VM-1','VINAMOILTOOLS','ACCT','','','TPGH110304LPR1425','TRAY_11',10,'2018-11-09 23:38:19','Complete',NULL,'PutIns'),(235,'2018-11-09 23:38:53','VM-1','VINAMOILTOOLS','ACCT','','','TX304030','TRAY_46',4,'2018-11-09 23:38:53','Complete',NULL,'PutIns'),(236,'2018-11-09 23:39:35','VM-1','VINAMOILTOOLS','ACCT','','','TX304080','TRAY_60',10,'2018-11-09 23:39:35','Complete',NULL,'PutIns'),(237,'2018-11-09 23:40:05','VM-1','VINAMOILTOOLS','ACCT','','','TX304100','TRAY_45',4,'2018-11-09 23:40:05','Complete',NULL,'PutIns'),(238,'2018-11-09 23:41:04','VM-1','VINAMOILTOOLS','ACCT','','','VBMT160408PM4325','TRAY_55',10,'2018-11-09 23:41:04','Complete',NULL,'PutIns'),(239,'2018-11-09 23:41:48','VM-1','VINAMOILTOOLS','ACCT','','','YDS33SD2A06050-6.0','TRAY_28',1,'2018-11-09 23:41:48','Complete',NULL,'PutIns'),(240,'2018-11-09 23:43:35','VM-1','VINAMOILTOOLS','ACCT','','','ZE704010','TRAY_14',10,'2018-11-09 23:43:35','Complete',NULL,'PutIns'),(241,'2018-11-09 23:44:06','VM-1','VINAMOILTOOLS','ACCT','','','ZSPM4040-05','TRAY_15',3,'2018-11-09 23:44:06','Complete',NULL,'PutIns'),(242,'2018-11-09 23:44:43','VM-1','VINAMOILTOOLS','ACCT','','','VNMG160404-SF1105','TRAY_51',10,'2018-11-09 23:44:43','Complete',NULL,'PutIns'),(243,'2018-11-09 23:45:18','VM-1','VINAMOILTOOLS','ACCT','','','VNMG160408-MAUE6110','TRAY_56',10,'2018-11-09 23:45:18','Complete',NULL,'PutIns'),(244,'2018-11-09 23:46:05','VM-1','VINAMOILTOOLS','ACCT','','','VNMG160408PM4325','TRAY_52',10,'2018-11-09 23:46:05','Complete',NULL,'PutIns'),(245,'2018-11-09 23:46:43','VM-1','VINAMOILTOOLS','ACCT','','','WBGT0601021MPB800','TRAY_13',10,'2018-11-09 23:46:43','Complete',NULL,'PutIns'),(246,'2018-11-09 23:47:14','VM-1','VINAMOILTOOLS','ACCT','','','WCMX06T308MBP800','TRAY_41',10,'2018-11-09 23:47:14','Complete',NULL,'PutIns'),(247,'2018-11-09 23:47:45','VM-1','VINAMOILTOOLS','ACCT','','','WCMX080412MBP800','TRAY_42',10,'2018-11-09 23:47:45','Complete',NULL,'PutIns'),(248,'2018-11-09 23:48:17','VM-1','VINAMOILTOOLS','ACCT','','','WNMG080408-M3MIC806','TRAY_44',10,'2018-11-09 23:48:17','Complete',NULL,'PutIns'),(249,'2018-11-09 23:50:05','VM-1','VINAMOILTOOLS','ACCT','','','WNMG080408PM4325','TRAY_43',10,'2018-11-09 23:50:05','Complete',NULL,'PutIns'),(250,'2018-11-09 23:50:40','VM-1','VINAMOILTOOLS','ACCT','','','YDS33SD2A04050-4.0','TRAY_29',2,'2018-11-09 23:50:40','Complete',NULL,'PutIns'),(251,'2018-11-13 20:29:27','VM-1','VINAMOILTOOLS','SUBADMIN','0041','040','VNMG160404-SF1105','TRAY_51',0,'2018-11-13 20:29:39','ProductFail',NULL,'GetTools'),(252,'2018-11-13 20:29:46','VM-1','VINAMOILTOOLS','SUBADMIN','0041','040','VNMG160404-SF1105','TRAY_51',0,'2018-11-13 20:29:58','ProductFail',NULL,'GetTools'),(253,'2018-11-13 20:30:59','VM-1','VINAMOILTOOLS','SUBADMIN','0041','040','VBMT160408PM4325','TRAY_55',0,'2018-11-13 20:31:11','ProductFail',NULL,'GetTools'),(254,'2018-11-13 20:32:26','VM-1','VINAMOILTOOLS','SUBADMIN','0041','040','TX304100','TRAY_45',0,'2018-11-13 20:32:37','ProductFail',NULL,'GetTools'),(255,'2018-11-13 20:38:04','VM-1','VINAMOILTOOLS','SUBADMIN','1','1','DCMT11T308PM4325','TRAY_31',0,'2018-11-13 20:38:16','ProductFail',NULL,'GetTools'),(256,'2018-11-13 20:47:42','VM-1','VINAMOILTOOLS','SUBADMIN','1','1','VBMT160408PM4325','TRAY_55',1,'2018-11-13 20:47:54','ProductOK',NULL,'GetTools'),(257,'2018-11-14 18:20:13','VM-1','VINAMOILTOOLS','SUBADMIN','0033','90','APMT1604PDER-M2TI960','TRAY_40',1,'2018-11-14 18:20:25','ProductOK',NULL,'GetTools'),(258,'2018-11-14 18:20:44','VM-1','VINAMOILTOOLS','SUBADMIN','0033','90','APMT1604PDER-M2TI960','TRAY_40',1,'2018-11-14 18:20:56','ProductOK',NULL,'GetTools'),(259,'2018-11-14 23:36:22','VM-1','VINAMOILTOOLS','SUBADMIN','0041','040','VNMG160404-SF1105','TRAY_51',1,'2018-11-14 23:36:34','ProductOK',NULL,'GetTools'),(260,'2018-11-24 01:54:12','VM-1','VINAMOILTOOLS','SUBADMIN','1','2','TOTIME55-080S-60','TRAY_25',0,'2018-11-24 01:54:25','ProductFail',NULL,'GetTools'),(261,'2018-12-03 20:51:42','VM-1','VINAMOILTOOLS','SUBADMIN','0041','50','APMT1604PDER-M2TI960','TRAY_40',1,'2018-12-03 20:51:54','ProductOK',NULL,'GetTools'),(262,'2018-12-03 20:52:24','VM-1','VINAMOILTOOLS','SUBADMIN','41','50','APMT1604PDER-M2TI960','TRAY_40',1,'2018-12-03 20:52:36','ProductOK',NULL,'GetTools'),(263,'2018-12-03 20:52:55','VM-1','VINAMOILTOOLS','SUBADMIN','41','50','APMT1604PDER-M2TI960','TRAY_40',1,'2018-12-03 20:53:07','ProductOK',NULL,'GetTools'),(264,'2018-12-05 22:38:53','VM-1','VINAMOILTOOLS','181115','1','1','880-070406H-C-GM1044','TRAY_39',0,'2018-12-05 22:39:05','ProductFail',NULL,'GetTools'),(265,'2018-12-05 22:39:15','VM-1','VINAMOILTOOLS','181115','1','1','880-070406H-C-GM1044','TRAY_39',0,'2018-12-05 22:39:27','ProductFail',NULL,'GetTools'),(266,'2018-12-05 22:39:39','VM-1','VINAMOILTOOLS','181115','1','1','880-070406H-C-GM1044','TRAY_39',0,'2018-12-05 22:39:51','ProductFail',NULL,'GetTools'),(267,'2018-12-05 22:39:59','VM-1','VINAMOILTOOLS','181115','1','1','880-070406H-C-GM1044','TRAY_39',0,'2018-12-05 22:40:11','ProductFail',NULL,'GetTools'),(268,'2018-12-05 22:40:21','VM-1','VINAMOILTOOLS','181115','1','1','880-070406H-C-GM1044','TRAY_39',0,'2018-12-05 22:40:32','ProductFail',NULL,'GetTools'),(269,'2018-12-05 22:40:46','VM-1','VINAMOILTOOLS','181115','1','1','880-070406H-C-GM1044','TRAY_39',0,'2018-12-05 22:40:58','ProductFail',NULL,'GetTools'),(270,'2018-12-05 22:41:21','VM-1','VINAMOILTOOLS','181115','1','1','880-070406H-C-GM1044','TRAY_39',0,'2018-12-05 22:41:33','ProductFail',NULL,'GetTools'),(271,'2018-12-05 22:41:41','VM-1','VINAMOILTOOLS','181115','1','1','880-070406H-C-GM1044','TRAY_39',0,'2018-12-05 22:41:53','ProductFail',NULL,'GetTools'),(272,'2018-12-05 22:41:58','VM-1','VINAMOILTOOLS','181115','1','1','880-070406H-C-GM1044','TRAY_39',0,'2018-12-05 22:42:10','ProductFail',NULL,'GetTools'),(273,'2018-12-05 22:42:16','VM-1','VINAMOILTOOLS','181115','1','1','880-070406H-C-GM1044','TRAY_39',0,'2018-12-05 22:42:27','ProductFail',NULL,'GetTools'),(274,'2018-12-05 22:42:47','VM-1','VINAMOILTOOLS','181115','1','1','880-070406H-C-GM1044','TRAY_39',0,'2018-12-05 22:42:59','ProductFail',NULL,'GetTools'),(275,'2018-12-05 22:43:05','VM-1','VINAMOILTOOLS','181115','1','1','880-070406H-C-GM1044','TRAY_39',0,'2018-12-05 22:43:17','ProductFail',NULL,'GetTools'),(276,'2018-12-05 22:45:48','VM-1','VINAMOILTOOLS','181115','1','1','880-090608H-C-LM1144','TRAY_38',0,'2018-12-05 22:46:00','ProductFail',NULL,'GetTools'),(277,'2018-12-05 22:46:04','VM-1','VINAMOILTOOLS','181115','1','1','880-090608H-C-LM1144','TRAY_38',0,'2018-12-05 22:46:16','ProductFail',NULL,'GetTools'),(278,'2018-12-05 22:46:21','VM-1','VINAMOILTOOLS','181115','1','1','880-090608H-C-LM1144','TRAY_38',0,'2018-12-05 22:46:32','ProductFail',NULL,'GetTools'),(279,'2018-12-05 22:46:40','VM-1','VINAMOILTOOLS','181115','1','1','880-090608H-C-LM1144','TRAY_38',0,'2018-12-05 22:46:52','ProductFail',NULL,'GetTools'),(280,'2018-12-05 22:48:52','VM-1','VINAMOILTOOLS','181115','1','1','880-0906W10H-P-LM4344','TRAY_37',0,'2018-12-05 22:49:03','ProductFail',NULL,'GetTools'),(281,'2018-12-05 22:49:53','VM-1','VINAMOILTOOLS','181115','1','1','CCMT120408GKCA525','TRAY_35',0,'2018-12-05 22:50:04','ProductFail',NULL,'GetTools'),(282,'2018-12-05 22:50:49','VM-1','VINAMOILTOOLS','181115','1','1','DTE4-040AH725','TRAY_34',0,'2018-12-05 22:51:00','ProductFail',NULL,'GetTools'),(283,'2018-12-05 22:51:23','VM-1','VINAMOILTOOLS','181115','1','1','DNMG150408MSPR1310','TRAY_33',0,'2018-12-05 22:51:34','ProductFail',NULL,'GetTools'),(284,'2018-12-05 23:23:10','VM-1','VINAMOILTOOLS','acct','','','VPGT080202MPCKPR1225','TRAY_54',10,'2018-12-05 23:23:10','Complete',NULL,'PutIns'),(285,'2018-12-05 23:23:44','VM-1','VINAMOILTOOLS','acct','','','VCMT110304MM2025','TRAY_53',10,'2018-12-05 23:23:44','Complete',NULL,'PutIns'),(286,'2018-12-05 23:25:51','VM-1','VINAMOILTOOLS','ACCT','','','TOTIME55-080S-60','TRAY_25',0,'2018-12-05 23:25:51','Complete',NULL,'TakeOver'),(287,'2018-12-05 23:26:34','VM-1','VINAMOILTOOLS','ACCT','','','VBMT160404MM2025','TRAY_25',6,'2018-12-05 23:26:34','Complete',NULL,'PutIns'),(288,'2018-12-06 17:41:27','VM-1','VINAMOILTOOLS','181110','41','50','TOTIME55-120S-75','TRAY_57',1,'2018-12-06 17:41:38','ProductOK',NULL,'GetTools'),(289,'2018-12-18 00:26:26','VM-1','VINAMOILTOOLS','181110','42','50','APMT1604PDER-M2TI960','TRAY_40',1,'2018-12-18 00:26:38','ProductOK',NULL,'GetTools'),(290,'2018-12-18 00:27:05','VM-1','VINAMOILTOOLS','181110','42','50','APMT1604PDER-M2TI960','TRAY_40',1,'2018-12-18 00:27:17','ProductOK',NULL,'GetTools'),(291,'2018-12-18 00:27:37','VM-1','VINAMOILTOOLS','181110','42','50','APMT1604PDER-M2TI960','TRAY_40',1,'2018-12-18 00:27:49','ProductOK',NULL,'GetTools'),(292,'2018-12-18 19:21:13','VM-1','VINAMOILTOOLS','ACCT','','','TX304080','TRAY_60',9,'2018-12-18 19:21:13','Complete',NULL,'TakeOver'),(293,'2018-12-18 19:21:52','VM-1','VINAMOILTOOLS','ACCT','','','TX304030','TRAY_46',3,'2018-12-18 19:21:52','Complete',NULL,'TakeOver'),(294,'2018-12-18 19:22:29','VM-1','VINAMOILTOOLS','ACCT','','','DNMG150408MSPR1310','TRAY_33',4,'2018-12-18 19:22:29','Complete',NULL,'TakeOver'),(295,'2018-12-18 19:22:58','VM-1','VINAMOILTOOLS','ACCT','','','CPMH090308PR1425','TRAY_36',0,'2018-12-18 19:22:58','Complete',NULL,'TakeOver'),(296,'2018-12-18 20:35:10','VM-1','VINAMOILTOOLS','181102','42','50','APMT1604PDER-M2TI960','TRAY_40',1,'2018-12-18 20:35:22','ProductOK',NULL,'GetTools'),(297,'2018-12-18 20:35:45','VM-1','VINAMOILTOOLS','181102','42','50','APMT1604PDER-M2TI960','TRAY_40',1,'2018-12-18 20:35:57','ProductOK',NULL,'GetTools'),(298,'2018-12-20 23:18:39','VM-1','VINAMOILTOOLS','181116','42','40','TOTIME55-100S-75','TRAY_23',1,'2018-12-20 23:18:51','ProductOK',NULL,'GetTools'),(299,'2018-12-25 00:10:17','VM-1','VINAMOILTOOLS','181116','42','40','WCMX06T308MBP800','TRAY_41',1,'2018-12-25 00:10:29','ProductOK',NULL,'GetTools'),(300,'2018-12-25 00:10:51','VM-1','VINAMOILTOOLS','181116','42','40','WCMX06T308MBP800','TRAY_41',1,'2018-12-25 00:11:03','ProductOK',NULL,'GetTools'),(301,'2018-12-25 18:49:54','VM-1','VINAMOILTOOLS','181115','42','50','TOTIME55-120S-75','TRAY_57',1,'2018-12-25 18:50:07','ProductOK',NULL,'GetTools'),(302,'2018-12-28 19:41:41','VM-1','VINAMOILTOOLS','181116','42','40','TOTIME55-120S-75','TRAY_57',1,'2018-12-28 19:41:54','ProductOK',NULL,'GetTools'),(303,'2018-12-28 19:57:53','VM-1','VINAMOILTOOLS','181116','42','40','TOTIME55-060S-50','TRAY_59',1,'2018-12-28 19:58:05','ProductOK',NULL,'GetTools'),(304,'2019-01-03 23:01:33','VM-1','VINAMOILTOOLS','181116','42','40','TOTIME55-120S-75','TRAY_57',1,'2019-01-03 23:01:46','ProductOK',NULL,'GetTools'),(305,'2019-01-08 00:04:28','VM-1','VINAMOILTOOLS','181107','02','30','WCMX06T308MBP800','TRAY_41',1,'2019-01-08 00:04:41','ProductOK',NULL,'GetTools'),(306,'2019-01-08 00:05:11','VM-1','VINAMOILTOOLS','181107','02','30','WCMX06T308MBP800','TRAY_41',1,'2019-01-08 00:05:23','ProductOK',NULL,'GetTools'),(307,'2019-01-08 01:12:25','VM-1','VINAMOILTOOLS','181122','02','30','DTE4-040AH725','TRAY_34',1,'2019-01-08 01:12:37','ProductOK',NULL,'GetTools'),(308,'2019-01-08 18:43:33','VM-1','VINAMOILTOOLS','181121','00002','30','WCMX06T308MBP800','TRAY_41',1,'2019-01-08 18:43:45','ProductOK',NULL,'GetTools'),(309,'2019-01-08 20:49:39','VM-1','VINAMOILTOOLS','181115','02','30','VNMG160404-SF1105','TRAY_51',1,'2019-01-08 20:49:50','ProductOK',NULL,'GetTools'),(310,'2019-01-17 05:52:33','VM-1','VINAMOILTOOLS','181122','00005','30','WCMX06T308MBP800','TRAY_41',1,'2019-01-17 05:52:46','ProductOK',NULL,'GetTools'),(311,'2019-01-17 05:53:45','VM-1','VINAMOILTOOLS','181122','00005','30','WCMX06T308MBP800','TRAY_41',1,'2019-01-17 05:53:57','ProductOK',NULL,'GetTools'),(312,'2019-01-17 05:54:35','VM-1','VINAMOILTOOLS','181122','00005','30','WCMX06T308MBP800','TRAY_41',1,'2019-01-17 05:54:47','ProductOK',NULL,'GetTools'),(313,'2019-01-17 05:57:46','VM-1','VINAMOILTOOLS','181107','00003','40','WCMX080412MBP800','TRAY_42',1,'2019-01-17 05:57:57','ProductOK',NULL,'GetTools'),(314,'2019-01-17 08:11:40','VM-1','VINAMOILTOOLS','181116','MO00003','50','YDS33SD2A06050-6.0','TRAY_28',1,'2019-01-17 08:11:53','ProductOK',NULL,'GetTools'),(315,'2019-01-18 01:35:14','VM-1','VINAMOILTOOLS','181107','05','40','TOTIME55-120S-75','TRAY_57',1,'2019-01-18 01:35:26','ProductOK',NULL,'GetTools'),(316,'2019-01-19 00:41:43','VM-1','VINAMOILTOOLS','181122','00005','30','DTE4-040AH725','TRAY_34',1,'2019-01-19 00:41:55','ProductOK',NULL,'GetTools'),(317,'2019-01-22 05:01:04','VM-1','VINAMOILTOOLS','181107','00006','30','WCMX080412MBP800','TRAY_42',0,'2019-01-22 05:01:16','ProductFail',NULL,'GetTools'),(318,'2019-01-22 05:01:24','VM-1','VINAMOILTOOLS','181107','00006','30','WCMX080412MBP800','TRAY_42',1,'2019-01-22 05:01:36','ProductOK',NULL,'GetTools'),(319,'2019-01-22 05:03:02','VM-1','VINAMOILTOOLS','181107','00006','30','TOTIME55-060S-50','TRAY_59',1,'2019-01-22 05:03:14','ProductOK',NULL,'GetTools'),(320,'2019-01-22 05:15:23','VM-1','VINAMOILTOOLS','181107','00007','30','VBMT160404MM2025','TRAY_25',1,'2019-01-22 05:15:35','ProductOK',NULL,'GetTools'),(321,'2019-01-22 05:16:29','VM-1','VINAMOILTOOLS','181107','00007','30','VNMG160408-MAUE6110','TRAY_56',1,'2019-01-22 05:16:41','ProductOK',NULL,'GetTools'),(322,'2019-01-22 05:17:25','VM-1','VINAMOILTOOLS','181107','00007','30','WNMG080408-M3MIC806','TRAY_44',0,'2019-01-22 05:17:37','ProductFail',NULL,'GetTools'),(323,'2019-01-22 05:17:45','VM-1','VINAMOILTOOLS','181107','00007','30','WNMG080408-M3MIC806','TRAY_44',1,'2019-01-22 05:17:57','ProductOK',NULL,'GetTools'),(324,'2019-01-22 06:28:49','VM-1','VINAMOILTOOLS','180102','','','TOTIME55-060S-50','TRAY_59',4,'2019-01-22 06:28:49','Complete',NULL,'PutIns'),(325,'2019-01-22 06:35:27','VM-1','VINAMOILTOOLS','180102','','','WCMX080412MBP800','TRAY_42',10,'2019-01-22 06:35:27','Complete',NULL,'PutIns'),(326,'2019-01-24 05:08:41','VM-1','VINAMOILTOOLS','181122','00008','30','DTE4-040AH725','TRAY_34',1,'2019-01-24 05:08:53','ProductOK',NULL,'GetTools'),(327,'2019-01-25 01:01:58','VM-1','VINAMOILTOOLS','181107','00007','3O','DTE4-040AH725','TRAY_34',1,'2019-01-25 01:02:10','ProductOK',NULL,'GetTools'),(328,'2019-01-26 01:07:08','VM-1','VINAMOILTOOLS','181107','00007','30','VBMT160404MM2025','TRAY_25',1,'2019-01-26 01:07:21','ProductOK',NULL,'GetTools'),(329,'2019-01-28 06:57:19','VM-1','VINAMOILTOOLS','181122','MO/00011','30','DTE4-040AH725','TRAY_34',1,'2019-01-28 06:57:32','ProductOK',NULL,'GetTools'),(330,'2019-01-29 00:35:07','VM-1','VINAMOILTOOLS','181122','00011','30','WCMX06T308MBP800','TRAY_41',1,'2019-01-29 00:35:20','ProductOK',NULL,'GetTools'),(331,'2019-02-22 06:30:23','VM-1','VINAMOILTOOLS','181110','MO0001','40','TOTIME55-100S-75','TRAY_23',1,'2019-02-22 06:30:36','ProductOK',NULL,'GetTools'),(332,'2019-02-26 05:04:56','VM-1','VINAMOILTOOLS','181107','11','30','WNMG080408-M3MIC806','TRAY_44',1,'2019-02-26 05:05:09','ProductOK',NULL,'GetTools'),(333,'2019-02-27 01:17:17','VM-1','VINAMOILTOOLS','181107','11','409','VBMT160404MM2025','TRAY_25',1,'2019-02-27 01:17:29','ProductOK',NULL,'GetTools'),(334,'2019-03-01 13:45:33','VM-2','MFC','MFCSUBACC','','','52157','TRAY_15',1,'2019-03-01 13:45:33','Complete',NULL,'PutIns'),(335,'2019-03-01 13:46:09','VM-2','MFC','MFCSUBACC','','','52157','TRAY_16',1,'2019-03-01 13:46:09','Complete',NULL,'PutIns'),(336,'2019-03-01 13:46:52','VM-2','MFC','111111','12','34','52157','TRAY_16',1,'2019-03-01 13:46:52','Send request to board',NULL,'GetTools');
UNLOCK TABLES;

--
-- Table structure for table `import_log`
--

DROP TABLE IF EXISTS `import_log`;
CREATE TABLE `import_log` (
  `id` int(11) NOT NULL AUTO_INCREMENT,
  `action` varchar(45) DEFAULT NULL,
  `username` varchar(100) DEFAULT NULL,
  `create_time` datetime DEFAULT NULL,
  `result` varchar(45) DEFAULT NULL,
  `file_name` varchar(100) DEFAULT NULL,
  `log_message` varchar(255) DEFAULT NULL,
  `byte_content` longblob,
  PRIMARY KEY (`id`)
) ENGINE=InnoDB AUTO_INCREMENT=2 DEFAULT CHARSET=latin1 COMMENT='log import excell';

--
-- Dumping data for table `import_log`
--

LOCK TABLES `import_log` WRITE;
UNLOCK TABLES;

