ToolsMachineTrayID,MachineCode,ToolCode,TrayIndex,Quantity,CreatedDate,UpdatedDate,IsActive
1880312,VM-4,16EL-8STACME,TRAY_02,0,NULL,"2019-04-17 22:04:41",1
1880313,VM-4,16EL-8STACME,TRAY_01,0,NULL,"2019-04-17 22:03:59",1
1880314,VM-4,16EL-8STACME,TRAY_03,0,NULL,"2019-04-17 22:03:16",1
1880315,VM-4,16EL-8STACME,TRAY_04,0,NULL,"2019-04-17 22:01:12",1
1880316,VM-4,16EL-8STACME,TRAY_05,0,NULL,"2019-04-17 22:00:00",1
1880317,VM-4,16EL-8STACME,TRAY_06,0,NULL,"2019-04-17 21:59:13",1
1880318,VM-4,16EL-8STACME,TRAY_07,0,NULL,"2019-04-17 21:58:35",1
1880319,VM-4,16EL-8STACME,TRAY_08,0,NULL,"2019-04-17 21:57:57",1
1880320,VM-4,16EL-8STACME,TRAY_09,0,NULL,"2019-04-17 21:57:20",1
1880321,VM-4,16EL-8STACME,TRAY_10,0,NULL,"2019-04-17 21:56:38",1
1880322,VM-4,16EL-8STACME,TRAY_11,0,NULL,"2019-04-17 22:17:43",1
1880323,VM-4,16EL-8STACME,TRAY_12,0,NULL,"2019-04-17 22:17:03",1
1880324,VM-4,16EL-8STACME,TRAY_13,0,NULL,"2019-04-17 22:16:26",1
1880325,VM-4,16EL-8STACME,TRAY_14,0,NULL,"2019-04-17 22:15:46",1
1880326,VM-4,16EL-8STACME,TRAY_15,0,NULL,"2019-04-17 22:15:09",1
1880327,VM-4,16EL-8STACME,TRAY_16,0,NULL,"2019-04-17 22:14:31",1
1880328,VM-4,16EL-8STACME,TRAY_17,0,NULL,"2019-04-17 22:13:54",1
1880329,VM-4,16EL-8STACME,TRAY_18,0,NULL,"2019-04-17 22:13:18",1
1880330,VM-4,16EL-8STACME,TRAY_19,0,NULL,"2019-04-17 22:12:38",1
1880331,VM-4,16EL-8STACME,TRAY_20,0,NULL,"2019-04-17 22:11:59",1
1880332,VM-4,16EL-8STACME,TRAY_21,0,NULL,"2019-04-17 22:34:02",1
1880333,VM-4,16EL-8STACME,TRAY_22,0,NULL,"2019-04-17 22:33:24",1
1880334,VM-4,16EL-8STACME,TRAY_23,0,NULL,"2019-04-17 22:32:44",1
1880335,VM-4,16EL-8STACME,TRAY_24,0,NULL,"2019-04-17 22:32:08",1
1880336,VM-4,16EL-8STACME,TRAY_25,0,NULL,"2019-04-17 22:31:31",1
1880337,VM-4,16EL-8STACME,TRAY_26,0,NULL,"2019-04-17 22:30:52",1
1880338,VM-4,16EL-8STACME,TRAY_27,0,NULL,"2019-04-17 22:29:17",1
1880339,VM-4,16EL-8STACME,TRAY_28,0,NULL,"2019-04-17 22:28:41",1
1880340,VM-4,16EL-8STACME,TRAY_29,0,NULL,"2019-04-17 22:28:03",1
1880341,VM-4,16EL-8STACME,TRAY_30,0,NULL,"2019-04-17 22:27:26",1
1880342,VM-4,16EL-8STACME,TRAY_35,0,NULL,"2019-04-17 23:08:27",1
1880343,VM-4,16EL-8STACME,TRAY_31,0,NULL,"2019-04-17 23:07:34",1
1880344,VM-4,16EL-8STACME,TRAY_32,0,NULL,"2019-04-17 23:06:57",1
1880345,VM-4,16EL-8STACME,TRAY_33,0,NULL,"2019-04-17 23:06:19",1
1880346,VM-4,16EL-8STACME,TRAY_34,0,NULL,"2019-04-17 23:05:37",1
1880347,VM-4,16EL-8STACME,TRAY_36,0,NULL,"2019-04-17 23:05:00",1
1880348,VM-4,16EL-8STACME,TRAY_37,0,NULL,"2019-04-17 23:04:24",1
1880349,VM-4,16EL-8STACME,TRAY_38,0,NULL,"2019-04-17 23:03:27",1
1880350,VM-4,16EL-8STACME,TRAY_39,0,NULL,"2019-04-17 23:22:20",1
1880351,VM-4,16EL-8STACME,TRAY_40,0,NULL,"2019-04-17 23:02:09",1
1880352,VM-4,16EL-8STACME,TRAY_41,0,NULL,"2019-04-17 23:21:58",1
1880353,VM-4,16EL-8STACME,TRAY_42,0,NULL,"2019-04-17 23:21:39",1
1880354,VM-4,16EL-8STACME,TRAY_43,0,NULL,"2019-04-17 23:20:08",1
1880355,VM-4,16EL-8STACME,TRAY_44,0,NULL,"2019-04-17 23:19:49",1
1880356,VM-4,16EL-8STACME,TRAY_45,0,NULL,"2019-04-17 23:19:30",1
1880357,VM-4,16EL-8STACME,TRAY_46,0,NULL,"2019-04-17 23:19:11",1
1880358,VM-4,16EL-8STACME,TRAY_47,0,NULL,"2019-04-17 23:18:50",1
1880359,VM-4,16EL-8STACME,TRAY_48,0,NULL,"2019-04-17 23:18:30",1
1880360,VM-4,16EL-8STACME,TRAY_49,0,NULL,"2019-04-17 23:18:07",1
1880361,VM-4,16EL-8STACME,TRAY_50,0,NULL,"2019-04-17 23:17:47",1
1880362,VM-4,16EL-8STACME,TRAY_51,0,NULL,"2019-04-17 23:32:12",1
1880363,VM-4,16EL-8STACME,TRAY_52,0,NULL,"2019-04-17 23:31:52",1
1880364,VM-4,16EL-8STACME,TRAY_53,0,NULL,"2019-04-17 23:31:31",1
1880365,VM-4,16EL-8STACME,TRAY_54,0,NULL,"2019-04-17 23:31:12",1
1880366,VM-4,16EL-8STACME,TRAY_55,0,NULL,"2019-04-17 23:30:50",1
1880367,VM-4,16EL-8STACME,TRAY_56,0,NULL,"2019-04-17 23:30:30",1
1880368,VM-4,16EL-8STACME,TRAY_57,0,NULL,"2019-04-17 23:30:09",1
1880369,VM-4,16EL-8STACME,TRAY_58,0,NULL,"2019-04-17 23:29:49",1
1880370,VM-4,16EL-8STACME,TRAY_59,0,NULL,"2019-04-17 23:29:30",1
1880371,VM-4,16EL-8STACME,TRAY_60,0,NULL,"2019-04-17 23:29:10",1
1880372,VM-4,"R3912500AC50C OLD",TRAY_49,9,NULL,"2019-05-28 18:20:35",1
1880373,VM-4,"TF30647 OLD",TRAY_50,8,NULL,"2019-05-28 18:21:08",1
1880374,VM-4,VNMG160404MF2025,TRAY_34,0,NULL,"2019-06-13 00:29:28",1
1880375,VM-4,WNMG080408M3MIC806,TRAY_37,4,NULL,"2019-06-13 01:15:54",1
1880376,VM-4,DNMG110408PM4325,TRAY_35,0,NULL,"2019-06-13 00:34:47",1
1880377,VM-4,WNMG060408PM4325,TRAY_33,0,NULL,"2019-06-13 01:30:42",1
1880378,VM-4,VBMT110304MF1115,TRAY_36,10,NULL,"2019-06-13 01:06:46",1
1880379,VM-4,VNMG160404MF2025,TRAY_35,0,NULL,"2019-06-13 01:25:59",1
1880380,VM-4,DNMG110408PM4325,TRAY_34,8,NULL,"2019-06-13 00:59:15",1
1880381,VM-4,VNMG160404MF2025,TRAY_33,8,NULL,"2019-06-13 01:35:33",1
1880382,VM-4,WNMG060408PM4325,TRAY_35,9,NULL,"2019-06-14 21:41:15",1
4172799,VM-6,"TEST insert",TRAY_01,0,NULL,"2019-08-21 15:18:42",1
4172800,VM-6,"TEST insert",TRAY_02,0,NULL,"2019-08-21 15:18:22",1
4172801,VM-6,"TEST insert",TRAY_03,0,NULL,"2019-08-21 15:26:21",1
4172802,VM-6,"TEST insert",TRAY_04,0,NULL,"2019-08-21 15:25:57",1
4172803,VM-6,"TEST insert",TRAY_05,0,NULL,"2019-08-21 15:25:30",1
4172804,VM-6,"TEST insert",TRAY_06,0,NULL,"2019-08-21 15:24:58",1
4172805,VM-6,"TEST insert",TRAY_07,0,NULL,"2019-08-21 15:24:41",1
4172806,VM-6,"TEST insert",TRAY_08,0,NULL,"2019-08-21 15:23:55",1
4172807,VM-6,"TEST insert",TRAY_09,0,NULL,"2019-08-21 15:23:37",1
4172808,VM-6,"TEST insert",TRAY_10,0,NULL,"2019-08-21 15:23:13",1
4172809,VM-6,"TEST insert",TRAY_11,0,NULL,"2019-08-23 11:48:03",1
4172810,VM-6,"TEST insert",TRAY_17,0,NULL,"2019-08-23 11:47:38",1
4172811,VM-6,"TEST insert",TRAY_27,0,NULL,"2019-09-09 11:39:02",1
4172812,VM-6,"TEST insert",TRAY_37,0,NULL,"2019-09-09 11:41:52",1
4172813,VM-6,"TEST insert",TRAY_47,0,NULL,"2019-08-23 12:07:14",1
4172814,VM-6,"TEST insert",TRAY_57,0,NULL,"2019-08-23 12:06:55",1
4172815,VM-6,"TEST insert",TRAY_12,0,NULL,"2019-08-23 11:44:56",1
4172816,VM-6,"TEST insert",TRAY_13,0,NULL,"2019-08-23 11:44:33",1
4172817,VM-6,"TEST insert",TRAY_14,0,NULL,"2019-08-23 11:44:06",1
4172818,VM-6,"TEST insert",TRAY_15,0,NULL,"2019-08-23 11:43:45",1
4172819,VM-6,"TEST insert",TRAY_16,0,NULL,"2019-08-22 15:53:25",1
4172820,VM-6,"TEST insert",TRAY_18,0,NULL,"2019-08-21 15:56:40",1
4172821,VM-6,"TEST insert",TRAY_19,0,NULL,"2019-08-21 15:56:21",1
4172822,VM-6,"TEST insert",TRAY_20,0,NULL,"2019-08-21 15:56:02",1
4172823,VM-6,"TEST insert",TRAY_21,0,NULL,"2019-08-21 15:49:29",1
4172824,VM-6,"TEST insert",TRAY_22,0,NULL,"2019-08-21 15:49:11",1
4172825,VM-6,"TEST insert",TRAY_23,0,NULL,"2019-08-21 15:48:49",1
4172826,VM-6,"TEST insert",TRAY_24,0,NULL,"2019-08-21 15:48:28",1
4172827,VM-6,"TEST insert",TRAY_25,0,NULL,"2019-08-23 12:41:31",1
4172828,VM-6,"TEST insert",TRAY_26,0,NULL,"2019-08-23 12:41:10",1
4172829,VM-6,"TEST insert",TRAY_28,0,NULL,"2019-08-21 15:46:58",1
4172830,VM-6,"TEST insert",TRAY_29,0,NULL,"2019-08-21 15:46:39",1
4172831,VM-6,"TEST insert",TRAY_30,0,NULL,"2019-08-21 15:46:22",1
4172832,VM-6,"TEST insert",TRAY_31,0,NULL,"2019-08-21 15:44:50",1
4172833,VM-6,"TEST insert",TRAY_32,0,NULL,"2019-08-21 15:44:05",1
4172834,VM-6,"TEST insert",TRAY_33,0,NULL,"2019-08-21 15:43:45",1
4172835,VM-6,"TEST insert",TRAY_34,0,NULL,"2019-08-21 15:43:28",1
4172836,VM-6,"TEST insert",TRAY_35,0,NULL,"2019-09-04 15:06:08",1
4172837,VM-6,"TEST insert",TRAY_36,0,NULL,"2019-09-07 12:24:52",1
4172838,VM-6,"TEST insert",TRAY_38,0,NULL,"2019-09-04 15:05:49",1
4172839,VM-6,"TEST insert",TRAY_39,0,NULL,"2019-08-21 15:42:08",1
4172840,VM-6,"TEST insert",TRAY_40,0,NULL,"2019-08-21 15:41:49",1
4172841,VM-6,"TEST insert",TRAY_50,0,NULL,"2019-08-23 12:06:39",1
4172842,VM-6,"TEST insert",TRAY_49,0,NULL,"2019-08-23 12:06:20",1
4172843,VM-6,"TEST insert",TRAY_48,0,NULL,"2019-08-23 12:06:00",1
4172844,VM-6,"TEST insert",TRAY_46,0,NULL,"2019-08-23 12:05:43",1
4172845,VM-6,"TEST insert",TRAY_45,0,NULL,"2019-09-06 15:40:09",1
4172846,VM-6,"TEST insert",TRAY_44,0,NULL,"2019-08-23 12:05:06",1
4172847,VM-6,"TEST insert",TRAY_43,0,NULL,"2019-08-23 12:04:47",1
4172848,VM-6,"TEST insert",TRAY_42,0,NULL,"2019-08-23 12:04:28",1
4172849,VM-6,"TEST insert",TRAY_41,0,NULL,"2019-08-23 12:04:10",1
4172850,VM-6,"TEST insert",TRAY_60,0,NULL,"2019-08-23 12:03:50",1
4172851,VM-6,"TEST insert",TRAY_59,0,NULL,"2019-08-23 12:03:30",1
4172852,VM-6,"TEST insert",TRAY_58,0,NULL,"2019-08-23 12:03:11",1
4172853,VM-6,"TEST insert",TRAY_56,0,NULL,"2019-08-23 12:02:53",1
4172854,VM-6,"TEST insert",TRAY_55,0,NULL,"2019-08-23 12:02:35",1
4172855,VM-6,"TEST insert",TRAY_54,0,NULL,"2019-08-23 12:02:15",1
4172856,VM-6,"TEST insert",TRAY_53,0,NULL,"2019-08-23 12:01:58",1
4172857,VM-6,"TEST insert",TRAY_52,0,NULL,"2019-08-23 12:01:40",1
4172858,VM-6,"TEST insert",TRAY_51,0,NULL,"2019-08-23 12:01:18",1
4172859,VM-6,11223344,TRAY_22,0,NULL,"2019-09-11 09:11:10",1
4172860,VM-6,11223344,TRAY_23,0,NULL,"2019-09-11 09:06:39",1
4172861,VM-6,11223344,TRAY_24,0,NULL,"2019-09-11 09:27:44",1
4172862,VM-6,11223344,TRAY_26,0,NULL,"2019-09-11 09:23:42",1
4172863,VM-6,11223344,TRAY_25,0,NULL,"2019-09-11 09:39:49",1
4172864,VM-6,11223344,TRAY_05,2,NULL,"2019-09-11 09:59:42",1
4172865,VM-6,11223344,TRAY_06,1,NULL,"2019-09-11 10:19:08",1
4172866,VM-6,11223344,TRAY_07,0,NULL,"2019-09-11 10:03:19",1
4172867,VM-6,"WNMG080408N-GU AC630M",TRAY_36,1,NULL,"2019-09-11 17:03:00",1
4172868,VM-6,"TNGG160404R-FX AC530U",TRAY_01,0,NULL,"2019-09-11 17:00:21",1
4172869,VM-6,"CCMT060204N-SU AC830P",TRAY_02,0,NULL,"2019-09-11 16:59:46",1
4681408,VM-5,1015-12.0,TRAY_01,0,NULL,"2019-05-13 23:52:17",1
4681409,VM-5,1015-2.5,TRAY_02,0,NULL,"2019-05-10 23:48:00",1
4681410,VM-5,1015-12.0,TRAY_02,0,NULL,"2019-05-11 23:09:19",1
4681411,VM-5,1015-12.0,TRAY_03,0,NULL,"2019-05-12 00:25:56",1
4681412,VM-5,1015-12.0,TRAY_04,0,NULL,"2019-05-12 00:24:06",1
4681413,VM-5,1015-12.0,TRAY_05,0,NULL,"2019-05-12 00:21:53",1
4681414,VM-5,1015-12.0,TRAY_06,0,NULL,"2019-05-12 00:17:27",1
4681415,VM-5,1015-12.0,TRAY_07,0,NULL,"2019-05-12 00:15:49",1
4681416,VM-5,1015-12.0,TRAY_08,0,NULL,"2019-05-12 00:14:14",1
4681417,VM-5,1015-12.0,TRAY_09,0,NULL,"2019-05-12 00:12:33",1
4681418,VM-5,1015-12.0,TRAY_10,0,NULL,"2019-05-12 00:06:22",1
4681419,VM-5,1015-12.0,TRAY_11,0,NULL,"2019-05-12 00:42:54",1
4681420,VM-5,1015-12.0,TRAY_12,0,NULL,"2019-05-12 00:42:09",1
4681421,VM-5,1015-12.0,TRAY_13,0,NULL,"2019-05-12 00:40:45",1
4681422,VM-5,1015-12.0,TRAY_14,0,NULL,"2019-05-12 00:40:04",1
4681423,VM-5,1015-12.0,TRAY_15,0,NULL,"2019-05-12 00:39:24",1
4681424,VM-5,1015-12.0,TRAY_16,0,NULL,"2019-05-12 00:38:43",1
4681425,VM-5,1015-12.0,TRAY_17,0,NULL,"2019-05-12 00:38:03",1
4681426,VM-5,1015-12.0,TRAY_18,0,NULL,"2019-05-12 00:37:27",1
4681427,VM-5,1015-12.0,TRAY_19,0,NULL,"2019-05-12 00:36:49",1
4681428,VM-5,1015-12.0,TRAY_20,0,NULL,"2019-05-12 00:35:52",1
4681429,VM-5,1015-12.0,TRAY_21,0,NULL,"2019-05-12 01:51:47",1
4681430,VM-5,1015-12.0,TRAY_22,0,NULL,"2019-05-12 01:51:02",1
4681431,VM-5,1015-12.0,TRAY_23,0,NULL,"2019-05-12 01:50:25",1
4681432,VM-5,1015-12.0,TRAY_24,0,NULL,"2019-05-12 01:49:46",1
4681433,VM-5,1015-12.0,TRAY_25,0,NULL,"2019-05-12 01:49:06",1
4681434,VM-5,1015-12.0,TRAY_26,0,NULL,"2019-05-12 00:54:08",1
4681435,VM-5,1015-12.0,TRAY_27,0,NULL,"2019-05-12 00:53:30",1
4681436,VM-5,1015-12.0,TRAY_28,0,NULL,"2019-05-12 00:52:53",1
4681437,VM-5,1015-12.0,TRAY_29,0,NULL,"2019-05-12 00:52:14",1
4681438,VM-5,1015-12.0,TRAY_30,0,NULL,"2019-05-12 00:51:33",1
4681439,VM-5,1015-12.0,TRAY_31,0,NULL,"2019-05-12 03:48:12",1
4681440,VM-5,1015-12.0,TRAY_32,0,NULL,"2019-05-12 03:47:23",1
4681441,VM-5,1015-12.0,TRAY_33,0,NULL,"2019-05-12 03:46:44",1
4681442,VM-5,1015-12.0,TRAY_34,0,NULL,"2019-05-12 03:45:50",1
4681443,VM-5,1015-12.0,TRAY_35,0,NULL,"2019-05-12 03:45:13",1
4681444,VM-5,1015-12.0,TRAY_36,0,NULL,"2019-05-12 03:44:36",1
4681445,VM-5,1015-12.0,TRAY_37,0,NULL,"2019-05-12 03:43:59",1
4681446,VM-5,1015-12.0,TRAY_38,0,NULL,"2019-05-12 03:43:20",1
4681447,VM-5,1015-12.0,TRAY_39,0,NULL,"2019-05-12 03:42:41",1
4681448,VM-5,1015-12.0,TRAY_40,0,NULL,"2019-05-12 03:41:50",1
4681449,VM-5,1015-12.0,TRAY_41,0,NULL,"2019-05-12 04:03:46",1
4681450,VM-5,1015-12.0,TRAY_42,0,NULL,"2019-05-12 04:01:45",1
4681451,VM-5,1015-12.0,TRAY_43,0,NULL,"2019-05-12 04:01:10",1
4681452,VM-5,1015-12.0,TRAY_44,0,NULL,"2019-05-12 04:00:18",1
4681453,VM-5,1015-12.0,TRAY_45,0,NULL,"2019-05-12 03:59:22",1
4681454,VM-5,1015-12.0,TRAY_46,0,NULL,"2019-05-12 03:58:46",1
4681455,VM-5,1015-12.0,TRAY_47,0,NULL,"2019-05-12 03:58:09",1
4681456,VM-5,1015-12.0,TRAY_48,0,NULL,"2019-05-12 03:57:33",1
4681457,VM-5,1015-12.0,TRAY_49,0,NULL,"2019-05-12 03:56:56",1
4681458,VM-5,1015-12.0,TRAY_50,0,NULL,"2019-05-12 03:56:19",1
4681459,VM-5,1015-12.0,TRAY_51,0,NULL,"2019-05-12 04:12:20",1
4681460,VM-5,1015-12.0,TRAY_52,0,NULL,"2019-05-12 04:11:35",1
4681461,VM-5,1015-12.0,TRAY_53,0,NULL,"2019-05-12 04:10:32",1
4681462,VM-5,1015-12.0,TRAY_54,0,NULL,"2019-05-12 04:09:55",1
4681463,VM-5,1015-12.0,TRAY_55,0,NULL,"2019-05-12 04:09:17",1
4681464,VM-5,1015-12.0,TRAY_56,0,NULL,"2019-05-12 04:26:37",1
4681465,VM-5,1015-12.0,TRAY_57,0,NULL,"2019-05-12 04:25:53",1
4681466,VM-5,1015-12.0,TRAY_58,0,NULL,"2019-05-12 04:25:17",1
4681467,VM-5,1015-12.0,TRAY_59,0,NULL,"2019-05-12 04:24:41",1
4681468,VM-5,1015-12.0,TRAY_60,0,NULL,"2019-05-12 04:23:06",1
4681469,VM-5,APMT1135PDER-H2,TRAY_01,9,NULL,"2019-09-04 14:21:25",1
4681470,VM-5,JDMT070208R-JP4020,TRAY_02,0,NULL,"2019-08-26 11:13:40",1
4681471,VM-5,JDMT09T320ZDSR-JM-VP15TF,TRAY_03,8,NULL,"2019-09-18 11:22:00",1
4681472,VM-5,JDMT070208R-JP4020,TRAY_04,0,NULL,"2019-08-24 16:28:09",1
4681473,VM-5,1017-3.0,TRAY_05,0,NULL,"2019-05-23 07:59:23",1
4681474,VM-5,TX304020,TRAY_05,0,NULL,"2019-09-16 09:12:54",1
4681475,VM-5,1017-3.0,TRAY_06,1,NULL,"2019-09-16 14:38:59",1
4681476,VM-5,BLMP0603R-ML-TT9080,TRAY_07,1,NULL,"2019-08-30 13:47:37",1
4681477,VM-5,XPLT060308ERD41-SP6519,TRAY_08,9,NULL,"2019-08-09 08:55:27",1
4681478,VM-5,XPLT060308ERD41-SP6519,TRAY_09,0,NULL,"2019-08-09 08:49:14",1
4681479,VM-5,1015-2.5,TRAY_12,4,NULL,"2019-09-14 08:09:37",1
4681480,VM-5,1015-2.0,TRAY_13,1,NULL,"2019-09-20 16:24:05",1
4681481,VM-5,1015-5.0,TRAY_14,0,NULL,"2019-08-24 13:02:42",1
4681482,VM-5,1017-6.0,TRAY_15,4,NULL,"2019-08-24 13:03:49",1
4681483,VM-5,ZSPM4060-05,TRAY_17,5,NULL,"2019-08-07 16:03:11",1
4681484,VM-5,ZSPM4060-10,TRAY_18,0,NULL,"2019-06-20 10:51:22",1
4681485,VM-5,ZSPM4040-05,TRAY_19,0,NULL,"2019-08-26 10:17:48",1
4681486,VM-5,ZSPM4030-05,TRAY_20,5,NULL,"2019-08-02 12:08:51",1
4681487,VM-5,LDS030,TRAY_21,0,NULL,"2019-06-10 14:01:14",1
4681488,VM-5,LDS040,TRAY_22,2,NULL,"2019-07-16 07:43:31",1
4681489,VM-5,LDS060,TRAY_23,1,NULL,"2019-09-12 15:36:37",1
4681490,VM-5,TX304040,TRAY_24,0,NULL,"2019-09-04 12:43:24",1
4681491,VM-5,1017-2.0,TRAY_25,2,NULL,"2019-08-29 15:56:34",1
4681492,VM-5,1017-5.0,TRAY_26,0,NULL,"2019-06-05 10:02:42",1
4681493,VM-5,1017-2.5,TRAY_27,5,NULL,"2019-07-02 13:36:21",1
4681494,VM-5,1015-3.0,TRAY_28,0,NULL,"2019-08-30 11:53:29",1
4681495,VM-5,1017-4.0,TRAY_29,5,NULL,"2019-05-23 08:06:19",1
4681496,VM-5,ZSPM4080-10,TRAY_30,1,NULL,"2019-09-14 09:06:20",1
4681497,VM-5,WAE303020,TRAY_31,1,NULL,"2019-07-05 09:01:50",1
4681498,VM-5,WAE303060,TRAY_32,4,NULL,"2019-09-14 13:50:38",1
4681499,VM-5,WAE303030,TRAY_33,1,NULL,"2019-08-26 11:54:22",1
4681500,VM-5,WAE303025,TRAY_34,4,NULL,"2019-07-17 19:49:39",1
4681501,VM-5,WAE303040,TRAY_35,3,NULL,"2019-09-21 14:25:24",1
4681502,VM-5,WAE303015,TRAY_36,1,NULL,"2019-06-03 08:51:25",1
4681503,VM-5,WAE303080,TRAY_37,0,NULL,"2019-09-13 11:13:14",1
4681504,VM-5,WAE303120,TRAY_38,5,NULL,"2019-09-05 09:27:37",1
4681505,VM-5,WAE303010,TRAY_39,3,NULL,"2019-06-02 14:41:28",1
4681506,VM-5,WAE303100,TRAY_40,0,NULL,"2019-09-20 09:34:55",1
4681507,VM-5,TX304010,TRAY_41,0,NULL,"2019-09-03 13:06:33",1
4681508,VM-5,TX304025,TRAY_42,0,NULL,"2019-09-03 09:13:02",1
4681509,VM-5,ZE704030,TRAY_43,2,NULL,"2019-06-23 09:24:41",1
4681510,VM-5,ZE704040,TRAY_44,0,NULL,"2019-09-02 14:29:40",1
4681511,VM-5,ZE704025,TRAY_45,0,NULL,"2019-09-04 15:46:06",1
4681512,VM-5,ZE704015,TRAY_46,5,NULL,"2019-08-28 10:58:20",1
4681513,VM-5,ZE704020,TRAY_47,3,NULL,"2019-09-04 14:19:51",1
4681514,VM-5,ZE704080,TRAY_48,6,NULL,"2019-09-10 13:55:55",1
4681515,VM-5,ZE704060,TRAY_49,0,NULL,"2019-09-01 10:14:22",1
4681516,VM-5,ZE704010,TRAY_50,3,NULL,"2019-08-20 14:34:59",1
4681517,VM-5,TX304160,TRAY_51,1,NULL,"2019-09-06 11:09:43",1
4681518,VM-5,TX304120,TRAY_52,0,NULL,"2019-09-01 11:00:38",1
4681519,VM-5,TX304100,TRAY_53,0,NULL,"2019-08-30 15:34:14",1
4681520,VM-5,ZE704120,TRAY_54,5,NULL,"2019-09-10 13:59:42",1
4681521,VM-5,ZE704100,TRAY_55,3,NULL,"2019-09-18 09:46:14",1
4681522,VM-5,TX304080,TRAY_56,0,NULL,"2019-08-30 11:54:42",1
4681523,VM-5,TX304015,TRAY_57,4,NULL,"2019-09-20 16:10:19",1
4681524,VM-5,TX304030,TRAY_58,0,NULL,"2019-08-31 10:43:38",1
4681525,VM-5,TX304060,TRAY_59,0,NULL,"2019-08-30 08:12:19",1
4681526,VM-5,WAE303160,TRAY_60,9,NULL,"2019-09-14 08:55:07",1
4681527,VM-5,BLMP0603R-ML-TT9080,TRAY_11,0,NULL,"2019-08-28 15:04:43",1
4681528,VM-5,WAE303120,TRAY_37,0,NULL,"2019-06-04 17:22:27",1
4681529,VM-5,XVCT160508R-AJ(TH10),TRAY_10,7,NULL,"2019-09-10 14:12:31",1
4681530,VM-5,1015-8.0,TRAY_16,1,NULL,"2019-09-04 11:12:01",1
4681531,VM-5,1015-4.0,TRAY_26,0,NULL,"2019-09-20 09:33:46",1
4681532,VM-5,1015-6.0,TRAY_21,4,NULL,"2019-09-14 10:24:24",1
4681533,VM-5,ZE704030,TRAY_18,6,NULL,"2019-09-18 16:16:12",1
4681534,VM-5,ZSPM4060-10,TRAY_09,3,NULL,"2019-09-06 11:05:24",1
4681535,VM-5,VP-018,TRAY_02,0,NULL,"2019-08-26 16:00:45",1
4681536,VM-5,500-197-30,TRAY_04,0,NULL,"2019-08-26 16:08:43",1
4681537,VM-5,"M8P1.25-6 GPNP",TRAY_02,0,NULL,"2019-08-26 16:04:13",1
4681538,VM-5,155-90068,TRAY_02,0,NULL,"2019-08-26 16:12:37",1
4681539,VM-5,PGA-30012,TRAY_04,0,NULL,"2019-08-26 16:12:59",1
4681540,VM-5,AHU1540R-4,TRAY_19,0,NULL,"2019-08-26 16:13:19",1
4681541,VM-5,JDMT150508R-JP4120,TRAY_19,2,NULL,"2019-08-28 18:48:51",1
4681542,VM-5,1015-3.0,TRAY_11,1,NULL,"2019-09-21 10:17:17",1
4681543,VM-5,BLMP0603R-ML-TT9080,TRAY_04,1,NULL,"2019-09-04 09:59:10",1
4681544,VM-5,TX304060,TRAY_02,5,NULL,"2019-08-30 17:31:19",1
4681545,VM-5,TX304100,TRAY_28,3,NULL,"2019-09-18 10:29:02",1
4681546,VM-5,1015-3.0,TRAY_14,0,NULL,"2019-09-20 09:28:24",1
4681547,VM-5,JDMT070208R-JP4020,TRAY_53,0,NULL,"2019-09-06 17:20:32",1
4681548,VM-5,JDMT070208R-JP4020,TRAY_58,0,NULL,"2019-09-16 17:51:37",1
4681549,VM-5,TX304080,TRAY_59,4,NULL,"2019-09-16 15:57:54",1
4681550,VM-5,TX304030,TRAY_56,1,NULL,"2019-09-16 11:22:04",1
4681551,VM-5,AJX09R252SA25S,TRAY_52,0,NULL,"2019-09-03 10:26:40",1
4681552,VM-5,TX304010,TRAY_44,5,NULL,"2019-09-03 13:56:39",1
4681553,VM-5,ZE704040,TRAY_42,4,NULL,"2019-09-17 14:28:51",1
4681554,VM-5,ZE704060,TRAY_52,4,NULL,"2019-09-05 08:34:29",1
4681555,VM-5,BLMP0603R-ML-TT9080,TRAY_24,5,NULL,"2019-09-21 08:58:35",1
4681556,VM-5,ZE704060,TRAY_41,3,NULL,"2019-09-18 08:33:34",1
4681557,VM-5,TX304060,TRAY_45,4,NULL,"2019-09-07 10:45:13",1
4681558,VM-5,TX304120,TRAY_49,0,NULL,"2019-09-17 14:30:31",1
4746231,VM-7,"test machine",TRAY_01,9,NULL,"2019-09-24 04:41:35",1
4746232,VM-7,"test machine",TRAY_02,0,NULL,"2019-09-17 19:58:49",1
4746233,VM-7,"test machine",TRAY_03,0,NULL,"2019-09-17 19:58:30",1
4746234,VM-7,"test machine",TRAY_04,0,NULL,"2019-09-17 19:58:12",1
4746235,VM-7,"test machine",TRAY_05,0,NULL,"2019-09-17 19:57:52",1
4746236,VM-7,"test machine",TRAY_06,0,NULL,"2019-09-17 19:57:30",1
4746237,VM-7,"test machine",TRAY_07,0,NULL,"2019-09-17 19:57:10",1
4746238,VM-7,"test machine",TRAY_08,0,NULL,"2019-09-17 19:56:52",1
4746239,VM-7,"test machine",TRAY_09,0,NULL,"2019-09-17 19:56:33",1
4746240,VM-7,"test machine",TRAY_10,0,NULL,"2019-09-17 19:56:13",1
4746241,VM-7,"test machine",TRAY_11,0,NULL,"2019-09-17 19:53:29",1
4746242,VM-7,"test machine",TRAY_12,0,NULL,"2019-09-17 19:52:59",1
4746243,VM-7,"test machine",TRAY_13,0,NULL,"2019-09-17 19:52:30",1
4746244,VM-7,"test machine",TRAY_14,0,NULL,"2019-09-17 19:52:11",1
4746245,VM-7,"test machine",TRAY_15,0,NULL,"2019-09-17 19:51:51",1
4746246,VM-7,"test machine",TRAY_16,0,NULL,"2019-09-17 19:51:32",1
4746247,VM-7,"test machine",TRAY_17,0,NULL,"2019-09-17 19:50:58",1
4746248,VM-7,"test machine",TRAY_18,0,NULL,"2019-09-17 19:50:39",1
4746249,VM-7,"test machine",TRAY_19,0,NULL,"2019-09-17 19:50:19",1
4746250,VM-7,"test machine",TRAY_20,0,NULL,"2019-09-17 19:49:41",1
4746251,VM-7,"test machine",TRAY_21,0,NULL,"2019-09-17 19:47:19",1
4746252,VM-7,"test machine",TRAY_22,0,NULL,"2019-09-17 19:47:00",1
4746253,VM-7,"test machine",TRAY_23,0,NULL,"2019-09-17 19:46:37",1
4746254,VM-7,"test machine",TRAY_24,0,NULL,"2019-09-17 19:46:17",1
4746255,VM-7,"test machine",TRAY_25,0,NULL,"2019-09-17 19:45:28",1
4746256,VM-7,"test machine",TRAY_26,0,NULL,"2019-09-17 19:45:08",1
4746257,VM-7,"test machine",TRAY_27,0,NULL,"2019-09-17 19:44:48",1
4746258,VM-7,"test machine",TRAY_28,0,NULL,"2019-09-17 19:44:27",1
4746259,VM-7,"test machine",TRAY_29,0,NULL,"2019-09-17 19:44:06",1
4746260,VM-7,"test machine",TRAY_30,0,NULL,"2019-09-17 19:39:34",1
4746261,VM-7,"test machine",TRAY_31,0,NULL,"2019-09-17 19:39:14",1
4746262,VM-7,"test machine",TRAY_32,0,NULL,"2019-09-17 19:38:56",1
4746263,VM-7,"test machine",TRAY_33,0,NULL,"2019-09-17 19:38:35",1
4746264,VM-7,"test machine",TRAY_34,0,NULL,"2019-09-17 19:38:17",1
4746265,VM-7,"test machine",TRAY_35,0,NULL,"2019-09-17 19:37:57",1
4746266,VM-7,"test machine",TRAY_36,0,NULL,"2019-09-17 19:37:38",1
4746267,VM-7,"test machine",TRAY_37,0,NULL,"2019-09-17 19:37:18",1
4746268,VM-7,"test machine",TRAY_38,0,NULL,"2019-09-17 19:35:06",1
4746269,VM-7,"test machine",TRAY_39,0,NULL,"2019-09-17 19:42:00",1
4746270,VM-7,"test machine",TRAY_40,0,NULL,"2019-09-17 19:34:43",1
4746271,VM-7,"test machine",TRAY_41,0,NULL,"2019-09-17 19:34:23",1
4746272,VM-7,"test machine",TRAY_42,0,NULL,"2019-09-17 19:32:48",1
4746273,VM-7,"test machine",TRAY_43,0,NULL,"2019-09-17 19:32:10",1
4746274,VM-7,"test machine",TRAY_44,0,NULL,"2019-09-17 19:31:38",1
4746275,VM-7,"test machine",TRAY_45,0,NULL,"2019-09-17 19:30:47",1
4746276,VM-7,"test machine",TRAY_46,0,NULL,"2019-09-17 19:30:17",1
4746277,VM-7,"test machine",TRAY_47,0,NULL,"2019-09-17 19:29:58",1
4746278,VM-7,"test machine",TRAY_48,0,NULL,"2019-09-17 19:29:26",1
4746279,VM-7,"test machine",TRAY_49,0,NULL,"2019-09-17 19:28:56",1
4746280,VM-7,"test machine",TRAY_50,0,NULL,"2019-09-17 19:28:38",1
4746281,VM-7,"test machine",TRAY_51,0,NULL,"2019-09-17 19:26:48",1
4746282,VM-7,"test machine",TRAY_52,0,NULL,"2019-09-17 19:26:18",1
4746283,VM-7,"test machine",TRAY_53,0,NULL,"2019-09-17 19:25:43",1
4746284,VM-7,"test machine",TRAY_54,0,NULL,"2019-09-17 19:25:21",1
4746285,VM-7,"test machine",TRAY_55,0,NULL,"2019-09-17 19:24:59",1
4746286,VM-7,"test machine",TRAY_56,0,NULL,"2019-09-17 19:24:35",1
4746287,VM-7,"test machine",TRAY_57,0,NULL,"2019-09-17 19:24:12",1
4746288,VM-7,"test machine",TRAY_58,0,NULL,"2019-09-17 19:23:46",1
4746289,VM-7,"test machine",TRAY_59,0,NULL,"2019-09-17 19:23:25",1
4746290,VM-7,"test machine",TRAY_60,0,NULL,"2019-09-17 19:23:03",1
4746291,VM-7,1017-4.0,TRAY_29,5,NULL,"2019-09-23 02:26:38",1
4746292,VM-7,WAE303160,TRAY_60,9,NULL,"2019-09-23 02:34:28",1
4746293,VM-7,TX304060,TRAY_02,5,NULL,"2019-09-23 02:39:21",1
4746294,VM-7,JDMT09T320ZDSR-JM-VP15TF,TRAY_03,8,NULL,"2019-09-23 02:41:03",1
4746295,VM-7,1017-3.0,TRAY_06,1,NULL,"2019-09-23 02:42:43",1
4746296,VM-7,BLMP0603R-ML-TT9080,TRAY_07,9,NULL,"2019-09-24 04:48:34",1
4746297,VM-7,XPLT060308ER-D41,TRAY_08,1,NULL,"2019-09-23 02:51:53",1
4746298,VM-7,ZSPM4060-10,TRAY_09,2,NULL,"2019-09-23 02:57:54",1
4746299,VM-7,ZE704010,TRAY_10,7,NULL,"2019-09-23 02:59:22",1
4746300,VM-7,1015-3.0,TRAY_11,1,NULL,"2019-09-24 05:02:31",1
4746301,VM-7,1015-2.5,TRAY_12,4,NULL,"2019-09-23 03:03:02",1
4746302,VM-7,1015-2.0,TRAY_13,1,NULL,"2019-09-23 03:03:37",1
4746303,VM-7,1015-8.0,TRAY_16,1,NULL,"2019-09-23 03:05:18",1
4746304,VM-7,ZSPM4060-05,TRAY_17,5,NULL,"2019-09-23 03:06:50",1
4746305,VM-7,JDMT150508R-JP4120,TRAY_19,2,NULL,"2019-09-23 03:09:11",1
4746306,VM-7,ZSPM4030-05,TRAY_20,5,NULL,"2019-09-23 03:10:35",1
4746307,VM-7,1015-6.0,TRAY_21,4,NULL,"2019-09-23 03:11:16",1
4746308,VM-7,LDS040,TRAY_22,2,NULL,"2019-09-23 03:12:16",1
4746309,VM-7,LDS060,TRAY_23,1,NULL,"2019-09-23 03:13:42",1
4746310,VM-7,1017-2.0,TRAY_25,2,NULL,"2019-09-23 03:14:36",1
4746311,VM-7,1017-2.5,TRAY_27,5,NULL,"2019-09-23 03:16:06",1
4746312,VM-7,ZSPM4080-10,TRAY_30,1,NULL,"2019-09-23 03:20:12",1
4746313,VM-7,WAE303020,TRAY_31,1,NULL,"2019-09-23 03:22:04",1
4746314,VM-7,WAE303060,TRAY_32,4,NULL,"2019-09-23 03:23:25",1
4746315,VM-7,WAE303030,TRAY_33,1,NULL,"2019-09-23 03:24:33",1
4746316,VM-7,WAE303025,TRAY_34,4,NULL,"2019-09-23 03:25:58",1
4746317,VM-7,WAE303015,TRAY_36,1,NULL,"2019-09-23 03:36:02",1
4746318,VM-7,WAE303120,TRAY_38,4,NULL,"2019-09-24 18:18:28",1
4746319,VM-7,WAE303010,TRAY_39,3,NULL,"2019-09-23 03:46:41",1
4746320,VM-7,ZE704060,TRAY_41,3,NULL,"2019-09-23 03:48:16",1
4746321,VM-7,ZE704040,TRAY_42,3,NULL,"2019-09-23 03:51:28",1
4746322,VM-7,ZE704030,TRAY_43,5,NULL,"2019-09-23 03:54:15",1
4746323,VM-7,TX304010,TRAY_44,5,NULL,"2019-09-23 04:35:35",1
4746324,VM-7,TX304040,TRAY_45,2,NULL,"2019-09-23 04:43:31",1
4746325,VM-7,ZE704015,TRAY_46,5,NULL,"2019-09-23 04:45:56",1
4746326,VM-7,ZE704020,TRAY_47,3,NULL,"2019-09-23 04:46:59",1
4746327,VM-7,ZE704080,TRAY_48,6,NULL,"2019-09-23 04:59:42",1
4746328,VM-7,TX304120,TRAY_49,0,NULL,"2019-09-24 18:25:04",1
4746329,VM-7,ZE704010,TRAY_50,3,NULL,"2019-09-23 05:02:23",1
4746330,VM-7,TX304160,TRAY_51,1,NULL,"2019-09-23 05:03:49",1
4746331,VM-7,ZE704060,TRAY_52,1,NULL,"2019-09-23 05:05:28",1
4746332,VM-7,ZE704120,TRAY_54,5,NULL,"2019-09-23 05:10:07",1
4746333,VM-7,ZE704100,TRAY_55,2,NULL,"2019-09-23 05:11:39",1
4746334,VM-7,TX304030,TRAY_56,1,NULL,"2019-09-23 05:13:04",1
4746335,VM-7,TX304015,TRAY_57,4,NULL,"2019-09-23 05:14:39",1
4746336,VM-7,JDMT070208R-JP4020,TRAY_58,0,NULL,"2019-09-24 00:49:16",1
4746337,VM-7,TX304080,TRAY_59,2,NULL,"2019-09-23 23:59:22",1
4746338,VM-7,APMT1135PDER-H2,TRAY_04,1,NULL,"2019-09-23 05:40:50",1
4746339,VM-7,WAE303040T,TRAY_53,1,NULL,"2019-09-23 19:55:42",1
4746340,VM-7,TX304100,TRAY_58,2,NULL,"2019-09-24 00:54:43",1
4746341,VM-7,WAE303040,TRAY_35,1,NULL,"2019-09-24 18:14:30",1
4747314,VM-3,16ERM2.50-ISO-IC908,TRAY_01,0,NULL,"2019-05-24 10:38:51",1
4747315,VM-3,16ERM1.50-ISO-IC908,TRAY_11,0,NULL,"2019-05-24 10:40:28",1
4747316,VM-3,16ER150ISO-TF-PR1115,TRAY_12,0,NULL,"2019-05-24 10:40:47",1
4747317,VM-3,16ERM2.0-ISO-IC908,TRAY_13,0,NULL,"2019-05-24 10:41:01",1
4747318,VM-3,16ERM1.0-ISO-IC908,TRAY_14,0,NULL,"2019-05-24 10:41:12",1
4747319,VM-3,VNMG160404HQ-CA515,TRAY_15,0,NULL,"2019-05-24 10:41:29",1
4747320,VM-3,DNMG150404MS-PR1310,TRAY_16,0,NULL,"2019-05-24 10:41:45",1
4747321,VM-3,16ER0.80-ISO-IC908,TRAY_17,0,NULL,"2019-05-24 10:42:05",1
4747322,VM-3,WNMG080408PG-PR1535,TRAY_18,0,NULL,"2019-05-24 10:42:22",1
4747323,VM-3,ZE704080,TRAY_21,5,NULL,"2019-09-24 07:55:59",1
4747324,VM-3,GDM2020N-020PH-PR1535,TRAY_22,0,NULL,"2019-05-24 10:43:01",1
4747325,VM-3,DCGT11T302MFP-GQ,TRAY_23,0,NULL,"2019-05-24 10:43:15",1
4747326,VM-3,TCMT090202HQ-PV7025,TRAY_24,0,NULL,"2019-05-24 10:43:28",1
4747327,VM-3,CPMH090308-PR1425,TRAY_27,0,NULL,"2019-05-24 10:44:11",1
4747328,VM-3,GDM3020N-030PH-PR1535,TRAY_28,0,NULL,"2019-05-24 10:44:24",1
4747329,VM-3,16ERM1.75-ISO-IC908,TRAY_29,0,NULL,"2019-05-24 10:44:36",1
4747330,VM-3,ZE704020,TRAY_37,4,NULL,"2019-09-23 08:56:23",1
4747331,VM-3,ZE704120,TRAY_31,1,NULL,"2019-09-11 00:53:25",1
4747332,VM-3,ZE704100,TRAY_32,5,NULL,"2019-08-28 16:32:48",1
4747333,VM-3,ZE704060,TRAY_33,5,NULL,"2019-09-13 14:40:42",1
4747334,VM-3,ZE704025,TRAY_35,1,NULL,"2019-09-13 13:50:19",1
4747335,VM-3,ZE704040,TRAY_36,2,NULL,"2019-08-28 11:10:07",1
4747336,VM-3,ZE704010,TRAY_38,4,NULL,"2019-08-31 15:22:58",1
4747337,VM-3,ZE704015,TRAY_39,5,NULL,"2019-09-13 14:40:58",1
4747338,VM-3,WAE303160,TRAY_40,2,NULL,"2019-09-16 07:58:20",1
4747339,VM-3,TX304025,TRAY_41,4,NULL,"2019-09-25 08:59:01",1
4747340,VM-3,WAE303040,TRAY_42,2,NULL,"2019-08-31 09:34:13",1
4747341,VM-3,WAE303080,TRAY_43,3,NULL,"2019-09-20 08:08:30",1
4747342,VM-3,WAE303025,TRAY_44,2,NULL,"2019-08-01 10:53:28",1
4747343,VM-3,WAE303030,TRAY_45,3,NULL,"2019-08-05 09:38:09",1
4747344,VM-3,WAE303020,TRAY_46,4,NULL,"2019-08-05 13:52:57",1
4747345,VM-3,WAE303010,TRAY_47,4,NULL,"2019-08-05 09:36:22",1
4747346,VM-3,WAE303015,TRAY_48,2,NULL,"2019-09-20 16:43:33",1
4747347,VM-3,WAE303100,TRAY_49,2,NULL,"2019-07-31 21:04:42",1
4747348,VM-3,WAE303120,TRAY_50,5,NULL,"2019-09-21 08:06:32",1
4747349,VM-3,TX304010,TRAY_51,5,NULL,"2019-09-21 08:06:54",1
4747350,VM-3,TX304015,TRAY_52,3,NULL,"2019-09-23 07:56:18",1
4747351,VM-3,TX304020,TRAY_53,3,NULL,"2019-09-21 09:47:55",1
4747352,VM-3,TX304030,TRAY_54,2,NULL,"2019-09-17 13:58:06",1
4747353,VM-3,TX304040,TRAY_55,4,NULL,"2019-09-24 13:01:13",1
4747354,VM-3,TX304060,TRAY_56,5,NULL,"2019-09-21 08:07:38",1
4747355,VM-3,TX304080,TRAY_57,2,NULL,"2019-09-16 11:42:27",1
4747356,VM-3,TX304100,TRAY_58,2,NULL,"2019-09-04 08:03:13",1
4747357,VM-3,TX304120,TRAY_59,3,NULL,"2019-09-17 07:55:15",1
4747358,VM-3,TX304160,TRAY_60,3,NULL,"2019-09-07 09:26:47",1
4747359,VM-3,ZE704030,TRAY_34,1,NULL,"2019-09-03 13:24:14",1
4747360,VM-3,11IRA55IC908,TRAY_25,0,NULL,"2019-05-24 10:43:41",1
4747361,VM-3,BLMP0603R-ML-TT9080,TRAY_06,8,NULL,"2019-09-18 08:22:40",1
4747362,VM-3,JDMT070208R-JP4020,TRAY_09,8,NULL,"2019-09-23 08:11:17",1
4747363,VM-3,TPGH110304LPR1425,TRAY_03,0,NULL,"2019-04-17 23:00:24",1
4747364,VM-3,APMT1135PDER-H2,TRAY_08,1,NULL,"2019-04-12 14:34:34",1
4747365,VM-3,TCEX100304E-AROM4025,TRAY_07,2,NULL,"2019-09-12 14:29:09",1
4747366,VM-3,VNGA160404S02025-PT600M,TRAY_04,0,NULL,"2019-05-24 10:39:40",1
4747367,VM-3,VNMG160402PP-PV720,TRAY_05,0,NULL,"2019-05-24 10:39:56",1
4747368,VM-3,EZBR040035ST-015F-PR1225,TRAY_02,0,NULL,"2019-05-24 10:39:06",1
4747369,VM-3,16ERM3.00-ISO-IC908,TRAY_19,0,NULL,"2019-05-24 10:42:34",1
4747370,VM-3,16ERM1.25-ISO-908,TRAY_20,0,NULL,"2019-05-24 10:42:46",1
4747371,VM-3,TKF12L100-S-PR1425,TRAY_26,0,NULL,"2019-05-24 10:43:55",1
4747372,VM-3,TNGG16040L-C-TN620,TRAY_30,0,NULL,"2019-05-24 10:44:50",1
4747373,VM-3,BLMP0603R-ML-TT9080,TRAY_09,0,NULL,"2019-04-25 22:26:07",1
4747374,VM-3,JDMT070208R-JP4020,TRAY_10,0,NULL,"2019-09-23 08:10:37",1
4747375,VM-3,"TPGH110304L - PR1425",TRAY_03,0,NULL,"2019-05-24 10:39:23",1
4747376,VM-3,TCMT090204HQ-PV720,TRAY_09,0,NULL,"2019-05-24 10:40:11",1
4747377,VM-3,WNMG080408WP-CA025P,TRAY_56,0,NULL,"2019-05-24 10:45:19",1
4747378,VM-3,WNMG080404PG-PV720,TRAY_46,0,NULL,"2019-05-24 10:45:07",1
4747379,VM-3,APMT1135PDER-H2,TRAY_04,2,NULL,"2019-08-02 07:54:14",1
4747380,VM-3,BLMP0603R-ML-TT9080,TRAY_05,0,NULL,"2019-09-17 22:49:51",1
4747381,VM-3,ZSPM4030-05,TRAY_26,3,NULL,"2019-06-25 20:25:24",1
4747382,VM-3,ZSPM4040-05,TRAY_27,3,NULL,"2019-08-24 10:03:10",1
4747383,VM-3,ZSPM4060-05,TRAY_28,3,NULL,"2019-09-19 08:35:48",1
4747384,VM-3,ZSPM4080-10,TRAY_29,2,NULL,"2019-09-10 08:24:55",1
4747385,VM-3,WAE303060,TRAY_30,3,NULL,"2019-09-19 23:20:54",1
4747386,VM-3,LDS030,TRAY_01,5,NULL,"2019-08-14 08:02:45",1
4747387,VM-3,LDS040,TRAY_02,2,NULL,"2019-09-16 18:50:20",1
4747388,VM-3,1015-2.0,TRAY_12,1,NULL,"2019-09-19 13:35:11",1
4747389,VM-3,1015-2.5,TRAY_13,4,NULL,"2019-09-05 14:12:53",1
4747390,VM-3,1015-3.0,TRAY_14,0,NULL,"2019-09-25 09:06:01",1
4747391,VM-3,1017-2.5,TRAY_19,5,NULL,"2019-05-27 08:43:17",1
4747392,VM-3,1017-5.0,TRAY_22,4,NULL,"2019-08-14 22:53:00",1
4747393,VM-3,1017-6.0,TRAY_23,4,NULL,"2019-08-22 09:08:22",1
4747394,VM-3,1015-4.0,TRAY_15,3,NULL,"2019-09-12 08:23:12",1
4747395,VM-3,1015-6.0,TRAY_17,0,NULL,"2019-08-31 20:38:24",1
4747396,VM-3,JDMT09T320ZDSR-JM-VP15TF,TRAY_11,1,NULL,"2019-07-31 09:38:55",1
4747397,VM-3,LDS060,TRAY_03,1,NULL,"2019-09-21 02:12:34",1
4747398,VM-3,1015-5.0,TRAY_16,0,NULL,"2019-09-22 06:54:34",1
4747399,VM-3,1017-2.0,TRAY_18,3,NULL,"2019-09-23 10:34:10",1
4747400,VM-3,1017-3.0,TRAY_20,5,NULL,"2019-09-13 14:40:11",1
4747401,VM-3,1017-4.0,TRAY_24,3,NULL,"2019-06-05 08:53:40",1
4747402,VM-3,ZSPM4060-10,TRAY_25,4,NULL,"2019-09-18 10:34:15",1
4747403,VM-3,JDMT070208R-JP4020,TRAY_17,0,NULL,"2019-09-06 21:28:13",1
4747404,VM-2,W,TRAY_34,5,NULL,"2019-03-13 08:06:36",1
4747405,VM-2,WAE303040,TRAY_35,0,NULL,"2019-05-23 09:22:07",1
4747406,VM-2,WAE303015,TRAY_36,0,NULL,"2019-05-23 09:28:13",1
4747407,VM-2,WAE303080,TRAY_37,0,NULL,"2019-05-23 09:21:36",1
4747408,VM-2,WAE303120,TRAY_38,0,NULL,"2019-05-23 09:25:34",1
4747409,VM-2,WAE303010,TRAY_39,0,NULL,"2019-05-23 09:21:00",1
4747410,VM-2,WAE303100,TRAY_40,0,NULL,"2019-05-23 09:25:48",1
4747411,VM-2,TX304010,TRAY_41,0,NULL,"2019-05-23 09:09:57",1
4747412,VM-2,TX304025,TRAY_42,0,NULL,"2019-05-23 09:26:49",1
4747413,VM-2,ZE704030,TRAY_43,0,NULL,"2019-05-23 09:17:59",1
4747414,VM-2,ZE704040,TRAY_44,0,NULL,"2019-05-23 09:18:15",1
4747415,VM-2,ZE704025,TRAY_45,0,NULL,"2019-05-23 09:17:46",1
4747416,VM-2,ZE704015,TRAY_46,0,NULL,"2019-05-23 09:17:20",1
4747417,VM-2,ZE704020,TRAY_47,0,NULL,"2019-05-23 09:17:33",1
4747418,VM-2,1017-4.0,TRAY_29,0,NULL,"2019-05-23 09:06:50",1
4747419,VM-2,1017-5.0,TRAY_26,0,NULL,"2019-05-23 09:07:08",1
4747420,VM-2,ZE704080,TRAY_48,0,NULL,"2019-05-23 09:23:56",1
4747421,VM-2,ZE704060,TRAY_49,0,NULL,"2019-05-23 09:23:41",1
4747422,VM-2,ZE704010,TRAY_50,0,NULL,"2019-05-23 09:17:05",1
4747423,VM-2,TX304160,TRAY_51,0,NULL,"2019-05-23 09:16:48",1
4747424,VM-2,TX304120,TRAY_52,0,NULL,"2019-05-23 09:16:37",1
4747425,VM-2,TX304100,TRAY_53,0,NULL,"2019-05-23 09:16:25",1
4747426,VM-2,ZE704120,TRAY_54,0,NULL,"2019-05-23 09:23:29",1
4747427,VM-2,ZE704100,TRAY_55,0,NULL,"2019-05-23 09:27:02",1
4747428,VM-2,TX304080,TRAY_56,0,NULL,"2019-05-23 09:16:13",1
4747429,VM-2,TX304015,TRAY_57,0,NULL,"2019-05-23 09:27:59",1
4747430,VM-2,TX304030,TRAY_58,0,NULL,"2019-05-23 09:15:28",1
4747431,VM-2,TX304060,TRAY_59,0,NULL,"2019-05-23 09:15:54",1
4747432,VM-2,WAE303160,TRAY_60,0,NULL,"2019-05-23 09:21:13",1
4747433,VM-2,APMT1135PDER-H2,TRAY_01,0,NULL,"2019-05-23 09:07:50",1
4747434,VM-2,JDMT070208R-JP4020,TRAY_02,0,NULL,"2019-05-23 09:08:42",1
4747435,VM-2,JDMT09T320ZDSR-JM-VP15TF,TRAY_03,0,NULL,"2019-05-23 09:09:06",1
4747436,VM-2,ZSPM4060-10,TRAY_18,0,NULL,"2019-05-23 09:22:19",1
4747437,VM-2,ZSPM4040-05,TRAY_19,0,NULL,"2019-05-23 09:23:07",1
4747438,VM-2,ZSPM4030-05,TRAY_20,0,NULL,"2019-05-23 09:22:44",1
4747439,VM-2,LDS030,TRAY_21,0,NULL,"2019-05-23 09:09:17",1
4747440,VM-2,LDS040,TRAY_22,0,NULL,"2019-05-23 09:09:29",1
4747441,VM-2,LDS060,TRAY_23,0,NULL,"2019-05-23 09:09:45",1
4747442,VM-2,TX304040,TRAY_24,0,NULL,"2019-05-23 09:15:40",1
4747443,VM-2,ZSPM4080-10,TRAY_30,0,NULL,"2019-05-23 09:22:32",1
4747444,VM-2,WAE303020,TRAY_31,0,NULL,"2019-05-23 09:21:26",1
4747445,VM-2,WAE303060,TRAY_32,0,NULL,"2019-05-23 09:15:17",1
4747446,VM-2,WAE303030,TRAY_33,0,NULL,"2019-05-23 09:20:49",1
4747447,VM-2,WAE303025,TRAY_34,0,NULL,"2019-05-23 09:21:53",1
4747448,VM-2,1015-4.0,TRAY_11,0,NULL,"2019-05-20 08:41:30",1
4747449,VM-2,1015-2.5,TRAY_12,0,NULL,"2019-05-23 09:04:04",1
4747450,VM-2,1015-2.0,TRAY_13,0,NULL,"2019-05-23 09:03:46",1
4747451,VM-2,1015-5.0,TRAY_14,0,NULL,"2019-05-23 09:04:38",1
4747452,VM-2,1017-2.0,TRAY_25,0,NULL,"2019-05-23 09:06:19",1
4747453,VM-2,1017-2.5,TRAY_27,0,NULL,"2019-05-23 09:26:38",1
4747454,VM-2,1015-3.0,TRAY_28,0,NULL,"2019-05-23 09:04:20",1
4747455,VM-2,1015-8.0,TRAY_16,0,NULL,"2019-05-23 09:06:06",1
4747456,VM-2,ZSPM4060-05,TRAY_17,0,NULL,"2019-05-23 09:22:54",1
4747457,VM-2,TX304020,TRAY_04,0,NULL,"2019-03-14 19:48:09",1
4747458,VM-2,JDMT070208R-JP4020,TRAY_04,0,NULL,"2019-05-23 09:08:54",1
4747459,VM-2,TX304020,TRAY_05,0,NULL,"2019-05-23 09:15:03",1
4747460,VM-2,1017-3.0,TRAY_06,0,NULL,"2019-05-23 09:06:34",1
4747461,VM-2,BLMP0603R-ML-TT9080,TRAY_07,0,NULL,"2019-05-23 09:08:16",1
4747462,VM-2,1017-6.0,TRAY_15,0,NULL,"2019-05-23 09:07:39",1
4747463,VM-2,BLMP0603R-ML-TT9080,TRAY_08,0,NULL,"2019-05-23 09:08:29",1
4747464,VM-2,APMT1135PDER-H2,TRAY_09,0,NULL,"2019-05-23 09:08:03",1
4747465,VM-2,BLMP0603R-ML-TT9080,TRAY_10,0,NULL,"2019-04-02 08:23:09",1
4747466,VM-2,1015-6.0,TRAY_10,0,NULL,"2019-05-10 21:37:04",1
4747467,VM-2,1015-4.0,TRAY_10,0,NULL,"2019-05-08 10:59:16",1
4747468,VM-2,1015-6.0,TRAY_11,0,NULL,"2019-05-08 10:59:02",1
4747469,VM-2,1017-4.0,TRAY_11,0,NULL,"2019-05-20 07:54:36",1
4747470,VM-2,16ERM2.50-ISO-IC908,TRAY_07,3,NULL,"2019-09-05 16:20:32",1
4747471,VM-2,EZBR040035ST-015F-PR1225,TRAY_14,1,NULL,"2019-09-18 08:52:03",1
4747472,VM-2,"TPGH110304L - PR1425",TRAY_21,1,NULL,"2019-09-19 02:06:36",1
4747473,VM-2,VNGA160404S02025-PT600M,TRAY_22,5,NULL,"2019-09-24 07:54:20",1
4747474,VM-2,VNMG160402PP-PV720,TRAY_23,1,NULL,"2019-09-23 12:15:32",1
4747475,VM-2,TCMT090204HQ-PV720,TRAY_18,1,NULL,"2019-09-13 15:37:37",1
4747476,VM-2,16ERM1.50-ISO-IC908,TRAY_04,3,NULL,"2019-09-10 14:58:59",1
4747477,VM-2,16ER150ISO-TF-PR1115,TRAY_09,3,NULL,"2019-06-13 11:59:16",1
4747478,VM-2,16ERM2.0-ISO-IC908,TRAY_06,1,NULL,"2019-08-14 11:25:11",1
4747479,VM-2,16ERM1.0-ISO-IC908,TRAY_02,5,NULL,"2019-09-11 08:37:06",1
4747480,VM-2,VNMG160404HQ-CA515,TRAY_24,1,NULL,"2019-08-24 10:17:03",1
4747481,VM-2,DNMG150404MS-PR1310,TRAY_13,1,NULL,"2019-07-18 11:48:23",1
4747482,VM-2,16ER0.80-ISO-IC908,TRAY_01,2,NULL,"2019-06-26 04:42:04",1
4747483,VM-2,WNMG080408PG-PR1535,TRAY_26,2,NULL,"2019-09-24 11:47:43",1
4747484,VM-2,16ERM3.00-ISO-IC908,TRAY_08,4,NULL,"2019-09-05 16:16:17",1
4747485,VM-2,16ER1.25-ISO-IC908,TRAY_03,4,NULL,"2019-06-22 05:28:27",1
4747486,VM-2,GDM2020N-020PH-PR1535,TRAY_15,3,NULL,"2019-09-16 07:59:07",1
4747487,VM-2,DCGT11T302MFP-GQ,TRAY_12,1,NULL,"2019-06-11 08:34:26",1
4747488,VM-2,TCMT090202HQ-PV7025,TRAY_17,4,NULL,"2019-09-19 02:05:33",1
4747489,VM-2,11IRA55IC908,TRAY_10,4,NULL,"2019-07-29 19:24:19",1
4747490,VM-2,TKF12L100-S-PR1425,TRAY_19,1,NULL,"2019-09-25 09:25:23",1
4747491,VM-2,CPMH090308-PR1425,TRAY_11,4,NULL,"2019-07-31 08:26:50",1
4747492,VM-2,GDM3020N-030PH-PR1535,TRAY_16,3,NULL,"2019-09-12 16:38:14",1
4747493,VM-2,16ERM1.75-ISO-IC908,TRAY_05,3,NULL,"2019-09-20 05:38:38",1
4747494,VM-2,TNGG16040L-C-TN620,TRAY_20,2,NULL,"2019-08-13 16:00:53",1
4747495,VM-2,WNMG080404PG-PV720,TRAY_25,5,NULL,"2019-09-04 13:46:50",1
4747496,VM-2,WNMG080408WP-CA025P,TRAY_27,2,NULL,"2019-09-18 14:04:30",1
4747497,VM-2,11IRA60IC908,TRAY_41,4,NULL,"2019-05-26 08:05:55",1
4747498,VM-2,CCMT09T308HQ-CA025P,TRAY_36,4,NULL,"2019-09-20 11:53:04",1
4747499,VM-2,"SCMT090405-GM-E (PR1225)",TRAY_28,0,NULL,"2019-05-28 08:53:52",1
4747500,VM-2,SCMT070305-GM-E,TRAY_30,3,NULL,"2019-09-06 23:16:31",1
4747501,VM-2,SCMT070310-GM-I,TRAY_31,3,NULL,"2019-09-06 23:17:45",1
4747502,VM-2,"SCMT090405-GM-E (PR1225)",TRAY_32,3,NULL,"2019-09-06 08:35:45",1
4747503,VM-2,"SCMT090410-GM-I (PR1535)",TRAY_33,3,NULL,"2019-09-06 08:37:40",1
4747504,VM-2,"TKN3 (PR1535)",TRAY_34,2,NULL,"2019-08-27 00:54:46",1
4747505,VM-2,CCET040104ML-FSF(PR1225),TRAY_35,2,NULL,"2019-09-22 09:12:29",1
4747506,VM-2,DNGG150402-SF-IC907,TRAY_37,1,NULL,"2019-09-14 12:00:11",1
4747507,VM-2,VNMG160404-NF-IC807,TRAY_38,1,NULL,"2019-09-20 11:50:49",1
4747508,VM-2,GDM2013N-020GMI-PR1225,TRAY_39,4,NULL,"2019-08-27 09:21:13",1
4747509,VM-2,GDM3015N-040GMI-PR1225,TRAY_40,5,NULL,"2019-05-28 08:57:58",1
4747510,VM-2,16IR300ISO-TF,TRAY_42,5,NULL,"2019-09-11 08:39:06",1
4747511,VM-2,CNMG120408PT,TRAY_43,3,NULL,"2019-06-14 20:36:04",1
4747512,VM-2,SCMT060205-GM-E,TRAY_28,4,NULL,"2019-09-06 23:14:11",1
4747513,VM-2,SCMT060210-GM-I,TRAY_29,3,NULL,"2019-09-06 23:14:35",1
4747514,VM-2,"TGMF304 IC908",TRAY_44,5,NULL,"2019-05-30 15:51:39",1
4747515,VM-2,"WNMG080408-TF IC807",TRAY_45,1,NULL,"2019-08-02 07:56:16",1
4747516,VM-2,VNMG160404PP-CA510,TRAY_46,1,NULL,"2019-09-23 12:16:23",1
4747517,VM-2,TKF16L150-S-PR1225,TRAY_47,3,NULL,"2019-09-17 20:32:02",1
4747518,VM-2,103-141-10,TRAY_51,0,NULL,"2019-06-28 10:00:21",1
4747519,VM-2,103-142-10,TRAY_52,0,NULL,"2019-06-28 10:01:06",1
4747520,VM-2,103-143-10,TRAY_53,0,NULL,"2019-06-28 10:01:50",1
4747521,VM-2,103-144-10,TRAY_54,0,NULL,"2019-06-28 10:02:30",1
4747522,VM-2,103-145-10,TRAY_55,0,NULL,"2019-06-28 10:03:22",1
4747523,VM-2,103-146-10,TRAY_56,0,NULL,"2019-06-28 10:04:25",1
4747524,VM-2,103-147-10,TRAY_57,0,NULL,"2019-06-28 10:05:21",1
4747525,VM-2,293-242-30,TRAY_58,0,NULL,"2019-06-28 10:06:13",1
4747526,VM-2,293-240-30,TRAY_48,0,NULL,"2019-06-28 10:24:18",1
4747527,VM-2,293-241-30,TRAY_49,0,NULL,"2019-06-28 10:26:57",1
4747528,VM-2,293-243-30,TRAY_50,0,NULL,"2019-06-28 10:18:14",1
4747529,VM-2,500-501-10,TRAY_51,0,NULL,"2019-06-28 10:18:39",1
4747530,VM-2,BT40BER16040M,TRAY_52,0,NULL,"2019-06-28 10:40:16",1
4747531,VM-2,BT40BER16040M,TRAY_53,0,NULL,"2019-06-28 10:36:34",1
4747532,VM-2,BT40BER20060M,TRAY_54,0,NULL,"2019-06-28 10:46:59",1
4747533,VM-2,BT40BER20060M,TRAY_55,0,NULL,"2019-06-28 10:43:34",1
4747534,VM-2,20ER040,TRAY_52,0,NULL,"2019-07-04 10:39:28",1
4747535,VM-2,20ER060,TRAY_53,0,NULL,"2019-07-04 10:46:38",1
4747536,VM-2,20ER080,TRAY_54,0,NULL,"2019-08-01 16:38:30",1
4747537,VM-2,20ER050,TRAY_55,0,NULL,"2019-07-04 10:43:05",1
4747538,VM-2,32ER080,TRAY_56,1,NULL,"2019-07-04 10:52:35",1
4747539,VM-2,32ER100,TRAY_57,1,NULL,"2019-07-04 10:55:02",1
4747540,VM-2,32ER120,TRAY_58,0,NULL,"2019-07-04 10:57:35",1
4747541,VM-2,32ER150,TRAY_59,0,NULL,"2019-07-04 10:59:16",1
4747542,VM-2,32ER160,TRAY_60,0,NULL,"2019-07-04 11:01:05",1
4747543,VM-2,DNMG150404MS-PR1310,TRAY_48,4,NULL,"2019-09-24 08:00:43",1
4747544,VM-2,VNMG160404PP-CA510,TRAY_24,0,NULL,"2019-07-26 09:00:11",1
4747545,VM-2,DIN40-AL,TRAY_49,9,NULL,"2019-07-27 14:57:26",1
4747546,VM-2,DIN40-AL,TRAY_50,11,NULL,"2019-07-27 14:57:41",1
4747547,VM-2,"TEBL 216-15-06-L150",TRAY_52,0,NULL,"2019-08-19 10:54:27",1
4747548,VM-2,ASM0712S12R-3,TRAY_53,1,NULL,"2019-08-01 10:58:31",1
4747549,VM-2,"TPGH110304L - PR1425",TRAY_51,0,NULL,"2019-08-31 14:20:52",1
4747550,VM-2,D10-TIN,TRAY_54,0,NULL,"2019-08-14 08:04:49",1
4747551,VM-2,ASM0712S12R-3,TRAY_54,0,NULL,"2019-08-19 10:53:10",1
4747552,VM-2,VNMG160404HQ-CA515,TRAY_51,3,NULL,"2019-09-24 11:46:53",1
4747553,VM-2,MVLNR2020K-16,TRAY_52,0,NULL,"2019-09-12 08:16:58",1
4747554,VM-2,EZBR040035ST-015F-PR1225,TRAY_52,3,NULL,"2019-09-24 17:37:48",1
4747555,VM-1,52157,TRAY_02,2,NULL,"2018-11-10 06:14:01",1
4747556,VM-1,16EL-8STACME,TRAY_47,7,NULL,"2018-11-10 06:14:39",1
4747557,VM-1,16ER-8STACME,TRAY_48,10,NULL,"2018-11-10 06:15:51",1
4747558,VM-1,16IL-8STACME,TRAY_49,10,NULL,"2018-11-10 06:16:37",1
4747559,VM-1,16IR-8STACME,TRAY_50,10,NULL,"2018-11-10 06:17:21",1
4747560,VM-1,3300265WXMSGPS,TRAY_16,3,NULL,"2018-11-10 06:18:00",1
4747561,VM-1,5/16-18UNC,TRAY_12,4,NULL,"2019-07-31 14:04:32",1
4747562,VM-1,5/16-24UNF,TRAY_03,1,NULL,"2018-11-10 06:19:02",1
4747563,VM-1,880-070406H-C-GM1044,TRAY_39,10,NULL,"2019-08-01 12:55:53",1
4747564,VM-1,880-090608H-C-LM1144,TRAY_38,8,NULL,"2019-09-10 09:00:54",1
4747565,VM-1,880-0906W10H-P-LM4344,TRAY_37,7,NULL,"2019-09-20 12:35:41",1
4747566,VM-1,9/16-18UNF,TRAY_27,3,NULL,"2019-07-03 07:55:52",1
4747567,VM-1,AF60135-065TIALN,TRAY_30,1,NULL,"2018-11-10 06:22:26",1
4747568,VM-1,APMT1604PDER-M2TI960,TRAY_40,0,NULL,"2018-12-19 03:35:57",1
4747569,VM-1,CCMT120408GKCA525,TRAY_35,10,NULL,"2018-11-10 06:23:48",1
4747570,VM-1,CDRA03016,TRAY_19,5,NULL,"2019-07-31 14:05:41",1
4747571,VM-1,CDRA030385,TRAY_17,5,NULL,"2018-11-10 06:25:03",1
4747572,VM-1,CDRA03042,TRAY_18,4,NULL,"2018-11-10 06:25:28",1
4747573,VM-1,CDRA03051,TRAY_20,1,NULL,"2018-11-10 06:26:09",1
4747574,VM-1,CPMH090308PR1425,TRAY_36,0,NULL,"2018-12-19 02:22:59",1
4747575,VM-1,DCMT11T308PM4325,TRAY_31,0,NULL,"2019-08-29 12:48:27",1
4747576,VM-1,DNMG110408PM4325,TRAY_32,9,NULL,"2019-09-21 08:51:00",1
4747577,VM-1,DNMG150408MSPR1310,TRAY_33,4,NULL,"2018-12-19 02:22:30",1
4747578,VM-1,DTE4-040AH725,TRAY_34,6,NULL,"2019-09-21 08:32:07",1
4747579,VM-1,M5-0.8,TRAY_01,2,NULL,"2018-11-10 06:30:25",1
4747580,VM-1,MPHCR080-0.5,TRAY_26,1,NULL,"2018-11-10 06:31:26",1
4747581,VM-1,TOTIME55-060R-A,TRAY_58,2,NULL,"2019-08-05 13:24:30",1
4747582,VM-1,TOTIME55-060R-S,TRAY_22,9,NULL,"2018-11-10 06:33:15",1
4747583,VM-1,TOTIME55-060S-50,TRAY_59,2,NULL,"2019-08-06 09:43:50",1
4747584,VM-1,TOTIME55-080R-S,TRAY_21,6,NULL,"2019-08-14 10:19:06",1
4747585,VM-1,TOTIME55-080S-60,TRAY_25,0,NULL,"2018-12-06 06:25:52",1
4747586,VM-1,TOTIME55-100R-S,TRAY_24,4,NULL,"2019-08-23 09:36:24",1
4747587,VM-1,TOTIME55-100S-75,TRAY_23,0,NULL,"2019-08-01 14:01:49",1
4747588,VM-1,TOTIME55-120S-75,TRAY_57,0,NULL,"2019-09-13 14:56:26",1
4747589,VM-1,TPGH110304LPR1425,TRAY_11,10,NULL,"2018-11-10 06:38:20",1
4747590,VM-1,TX304030,TRAY_46,0,NULL,"2019-08-08 08:18:27",1
4747591,VM-1,TX304080,TRAY_60,4,NULL,"2019-09-18 18:33:54",1
4747592,VM-1,TX304100,TRAY_45,0,NULL,"2019-09-10 15:51:19",1
4747593,VM-1,VBMT160408PM4325,TRAY_55,0,NULL,"2019-07-11 09:32:05",1
4747594,VM-1,YDS33SD2A06050-6.0,TRAY_28,0,NULL,"2019-01-17 15:11:53",1
4747595,VM-1,ZE704010,TRAY_14,10,NULL,"2018-11-10 06:43:36",1
4747596,VM-1,ZSPM4040-05,TRAY_15,3,NULL,"2018-11-10 06:44:07",1
4747597,VM-1,VNMG160404-SF1105,TRAY_51,2,NULL,"2019-09-19 00:49:09",1
4747598,VM-1,VNMG160408-MAUE6110,TRAY_56,9,NULL,"2019-01-22 12:16:41",1
4747599,VM-1,VNMG160408PM4325,TRAY_52,0,NULL,"2019-06-17 13:22:49",1
4747600,VM-1,WBGT0601021MPB800,TRAY_13,10,NULL,"2018-11-10 06:46:44",1
4747601,VM-1,WCMX06T308MBP800,TRAY_41,0,NULL,"2019-04-26 15:18:58",1
4747602,VM-1,WCMX080412MBP800,TRAY_42,7,NULL,"2019-08-27 15:10:53",1
4747603,VM-1,WNMG080408-M3MIC806,TRAY_44,0,NULL,"2019-09-13 13:16:04",1
4747604,VM-1,WNMG080408PM4325,TRAY_43,0,NULL,"2019-08-01 14:58:48",1
4747605,VM-1,YDS33SD2A04050-4.0,TRAY_29,1,NULL,"2019-07-31 13:14:39",1
4747606,VM-1,VPGT080202MPCKPR1225,TRAY_54,10,NULL,"2018-12-06 06:23:11",1
4747607,VM-1,VCMT110304MM2025,TRAY_53,10,NULL,"2018-12-06 06:23:45",1
4747608,VM-1,VBMT160404MM2025,TRAY_25,0,NULL,"2019-08-26 10:32:51",1
4747609,VM-1,"DNMG 110408-PM 4325 OLD",TRAY_07,0,NULL,"2019-06-13 08:08:03",1
4747610,VM-1,WNMG060408PM4325,TRAY_06,0,NULL,"2019-06-13 08:06:38",1
4747611,VM-1,WNMG080408M3MIC806,TRAY_08,0,NULL,"2019-06-13 08:08:54",1
4747612,VM-1,"VBMT 110304-MF 1115 OLD",TRAY_05,0,NULL,"2019-06-13 08:09:43",1
4747613,VM-1,VNMG160404MF2025,TRAY_04,0,NULL,"2019-06-13 08:10:12",1
4747614,VM-1,WNMG080408-M3MIC806,TRAY_43,0,NULL,"2019-07-31 12:19:01",1
4747615,VM-1,16EL-8STACME,TRAY_05,0,NULL,"2019-06-15 12:14:29",1
4747616,VM-1,16EL-8STACME,TRAY_06,0,NULL,"2019-06-15 12:29:48",1
4747617,VM-1,16EL-8STACME,TRAY_07,0,NULL,"2019-06-15 12:29:04",1
4747618,VM-1,16EL-8STACME,TRAY_08,0,NULL,"2019-06-15 12:28:40",1
4747619,VM-1,VBMT160408MF1115,TRAY_43,9,NULL,"2019-09-23 19:15:57",1
4747620,VM-1,WNMG080408SMR1115,TRAY_46,0,NULL,"2019-09-24 02:53:07",1
4747621,VM-1,VBMT160402MF1105,TRAY_41,3,NULL,"2019-09-25 00:41:34",1
4747622,VM-1,WNMG080408PR4325,TRAY_52,5,NULL,"2019-09-25 06:36:31",1
4747623,VM-1,WNMG080408PF4315,TRAY_55,10,NULL,"2019-09-03 14:58:56",1
4747624,VM-1,WNMG080408PM4315,TRAY_40,5,NULL,"2019-09-19 19:09:30",1
4747625,VM-1,VNMG160408PM4315,TRAY_36,3,NULL,"2019-09-24 12:05:44",1
4747626,VM-1,VBMT160408PF4315,TRAY_31,7,NULL,"2019-09-21 21:54:40",1
4747627,VM-1,DCMT11T308PF4315,TRAY_28,9,NULL,"2019-09-21 01:12:16",1
4747628,VM-1,DCMT11T308PM4315,TRAY_25,8,NULL,"2019-09-16 14:31:20",1
4747629,VM-1,WNMG080408MR2220,TRAY_23,4,NULL,"2019-09-21 07:48:25",1
4747630,VM-1,VNMG160408MF2220,TRAY_10,8,NULL,"2019-09-23 16:02:41",1
4747631,VM-1,VNMG160408PF4315,TRAY_09,10,NULL,"2019-09-03 15:48:22",1
4747632,VM-1,VNMG160408MM2220,TRAY_08,9,NULL,"2019-09-21 21:50:57",1
4747633,VM-1,WNMG080408MF2220,TRAY_07,10,NULL,"2019-09-10 15:29:21",1
4747634,VM-1,D10xR0.5x25x80L,TRAY_45,5,NULL,"2019-09-25 06:30:23",1
4747635,VM-1,DCMT11T308MM2220,TRAY_44,8,NULL,"2019-09-23 09:18:18",1
4747636,VM-1,3123080,TRAY_57,10,NULL,"2019-09-14 10:21:35",1
4747637,VM-1,WNMG080408MM2220,TRAY_06,9,NULL,"2019-09-23 06:35:14",1
